_type,address,areacode,building_name,city,data_id,lat,listing_date,lng,locality,platform,property_type,sqft,status,txn_type
PurpleyoItem,"Barrister Rajni Patel Marg, Nariman Point, Mumbai",400021,Express Towers,Mumbai,18,18.927887,2016-04-12T07:38:54Z,72.82205,Nariman Point,purpleyo,OFFICE,375000,COMPLETED AND OPERATIONAL,LEASED OUT
PurpleyoItem,"HDIL Building, Sahar Road, Andheri East, Mumbai",400058,Kaledonia,Mumbai,304,19.113638,2016-06-03T06:17:52Z,72.84684,Andheri East,purpleyo,OFFICE,442157,COMPLETED AND OPERATIONAL,LEASED OUT
PurpleyoItem,"CST Road, Kalina, Santacruz East, Mumbai",400098,Ajmera Summit,Mumbai,324,19.071589,2016-03-10T12:37:58Z,72.86245,Santacruz East,purpleyo,OFFICE,49954,COMPLETED AND OPERATIONAL,LEASE/SALE
PurpleyoItem,"# D-263, TTC Industrial Area, Turbhe MIDC, Turbhe, Navi Mumbai",400036,Bluechip Corporate Park,Navi Mumbai,399,19.069408,2016-05-20T11:57:41Z,73.0202,Turbhe,purpleyo,OFFICE AND RETAIL,145655,COMPLETED AND OPERATIONAL,LEASED OUT
PurpleyoItem,"Andheri-Kurla Road, Andheri East, Mumbai",400059,Ajmera Times Square Tower D,Mumbai,427,19.108816,2016-03-18T19:54:54Z,72.88397,Andheri East,purpleyo,OFFICE AND RETAIL,0,UNDER CONSTRUCTION,LEASE/SALE
PurpleyoItem,"Chandivali Farm Road, Powai, Mumbai",400072,Nahar Business Center,Mumbai,459,19.113089,2016-02-22T10:13:15Z,72.89796,Powai,purpleyo,OFFICE AND RETAIL,72400,COMPLETED AND OPERATIONAL,SOLD OUT
PurpleyoItem,"Ramachandran Lane, Navy Colony, Kanchpada, Malad West, Mumbai",400064,Neo Corporate Plaza,Mumbai,461,19.189758,2016-05-11T12:34:21Z,72.84023,Malad West,purpleyo,OFFICE AND RETAIL,100000,COMPLETED AND OPERATIONAL,LEASE/SALE
PurpleyoItem,"Lal Bahadur Shastri Marg, Jagjivan Ram Nagar, Mulund West, Mumbai",400080,360 Degrees Business Park,Mumbai,463,19.184093,2016-05-11T12:34:11Z,72.9527,Mulund West,purpleyo,OFFICE AND RETAIL,77000,COMPLETED AND OPERATIONAL,LEASE/SALE
PurpleyoItem,"Andheri-Kurla Road, Andheri East, Mumbai",400059,Ajmera Times Square Tower A,Mumbai,466,19.108154,2016-03-11T04:43:53Z,72.88337,Andheri East,purpleyo,OFFICE AND RETAIL,106400,COMPLETED AND OPERATIONAL,LEASED OUT
PurpleyoItem,"Andheri-Kurla Road, Andheri East, Mumbai",400059,Ajmera Times Square Tower B,Mumbai,508,19.108305,2016-03-11T04:44:12Z,72.88364,Andheri East,purpleyo,OFFICE AND RETAIL,218620,COMPLETED AND OPERATIONAL,LEASED OUT
PurpleyoItem,"Goregaon East, Dindoshi, Mumbai",400063,Synergy Business Park,Mumbai,513,19.173054,2016-05-10T05:38:17Z,72.857124,Goregaon East,purpleyo,OFFICE,163200,COMPLETED AND OPERATIONAL,LEASED OUT
PurpleyoItem,"Sanghavi Corporate Park, Govandi (East), Deonar, Chembur, Mumbai",400088,Satyam Towers,Mumbai,514,19.049381,2016-01-12T11:52:44Z,72.91671,Govandi,purpleyo,OFFICE,100000,COMPLETED AND OPERATIONAL,LEASED OUT
PurpleyoItem,"# C-10, Central Road, MIDC, Andheri East, Mumbai",400093,Sunrise Tower,Mumbai,516,19.123127,2016-05-11T12:33:46Z,72.87094,Andheri East,purpleyo,OFFICE AND RETAIL,48500,COMPLETED AND OPERATIONAL,LEASE
PurpleyoItem,"Kirol Road, Kurla West, Mumbai",400070,Kohinoor City Commercial 1,Mumbai,520,19.079933,2016-05-26T11:39:35Z,72.88489,Kurla West,purpleyo,OFFICE AND RETAIL,286160,COMPLETED AND OPERATIONAL,SOLD OUT
PurpleyoItem,"Kirol Road, Kurla West, Mumbai",400070,Kohinoor City Commercial 2,Mumbai,521,19.079973,2016-05-26T11:40:58Z,72.884834,Kurla West,purpleyo,OFFICE AND RETAIL,599900,COMPLETED AND OPERATIONAL,SOLD OUT
PurpleyoItem,"# C-22, Bandra Kurla Complex, Bandra East, Mumbai",400057,Sunteck Certainty,Mumbai,525,19.054735,2016-02-01T10:37:27Z,72.85287,Bandra Kurla Complex,purpleyo,OFFICE,57640,COMPLETED AND OPERATIONAL,LEASED OUT
PurpleyoItem,"Swami Vivekanand Road, Amboli, Andheri West, Mumbai",400059,Sunteck Grandeur,Mumbai,528,19.125174,2016-02-01T10:19:54Z,72.84658,Andheri West,purpleyo,OFFICE AND RETAIL,77312,COMPLETED AND OPERATIONAL,LEASE/SALE
PurpleyoItem,"# 37-40, Shubhash Road, Vile Parle (East), Mumbai",400057,Sunteck Centre,Mumbai,529,19.107101,2016-02-01T10:24:08Z,72.85162,Vile Parle,purpleyo,OFFICE AND RETAIL,90000,COMPLETED AND OPERATIONAL,LEASED OUT
PurpleyoItem,"Bandra Kurla Complex, Bandra East, Mumbai",400051,The Capital,Mumbai,539,19.063446,2016-04-19T05:56:33Z,72.86175,Bandra Kurla Complex,purpleyo,OFFICE AND RETAIL,1500000,COMPLETED AND OPERATIONAL,LEASED OUT
PurpleyoItem,"A-Wing, Anant Kanekar Marg, Station Road, Bandra East, Mumbai",400051,HDIL Towers,Mumbai,542,19.055117,2016-03-31T13:02:10Z,72.84442,Bandra East,purpleyo,OFFICE,317310,COMPLETED AND OPERATIONAL,LEASE/SALE
PurpleyoItem,"# C-59, Bandra Kurla Complex, Bandra East, Mumbai",400051,Platina,Mumbai,547,19.068624,2016-05-11T06:54:31Z,72.8682,Bandra Kurla Complex,purpleyo,OFFICE,321620,COMPLETED AND OPERATIONAL,LEASED OUT
PurpleyoItem,"# 274, Sector 10, Kharghar, Navi Mumbai",410210,Niharika Mirage,Navi Mumbai,550,19.036821,2016-06-20T12:16:06Z,73.07799,Kharghar,purpleyo,OFFICE AND RETAIL,0,UNDER CONSTRUCTION,SALE
PurpleyoItem,"# 309, Kalina, Bandra Kurla Complex, Bandra East, Mumbai",400051,Trade Center,Mumbai,552,19.072714,2016-06-21T07:27:47Z,72.87085,Bandra Kurla Complex,purpleyo,OFFICE,600000,COMPLETED AND OPERATIONAL,LEASED OUT
PurpleyoItem,"# D-222/28, Nerul, Navi Mumbai",400703,Asian Infotech Park,Navi Mumbai,561,19.071535,2016-03-29T11:21:10Z,73.028595,Nerul,purpleyo,OFFICE AND RETAIL,180000,COMPLETED AND OPERATIONAL,SOLD OUT
PurpleyoItem,"# D-222/39, T.T.C Industrial Area, Turbhe, Navi Mumbai",400036,Asian House,Navi Mumbai,562,19.070786,2016-03-29T06:28:40Z,73.02337,Turbhe,purpleyo,OFFICE,36000,COMPLETED AND OPERATIONAL,SOLD OUT
PurpleyoItem,"S Pranavanandji Marg, Sector 30, Vashi, Navi Mumbai",400705,Vishwaroop IT Park,Navi Mumbai,563,19.064726,2016-05-10T06:03:20Z,72.99676,Vashi,purpleyo,OFFICE AND RETAIL,1000450,COMPLETED AND OPERATIONAL,LEASE
PurpleyoItem,"# 23/24, Minerva Estate, Mulund West, Mumbai",400080,O2,Mumbai,566,19.168875,2016-05-27T06:27:57Z,72.941956,Mulund West,purpleyo,OFFICE AND RETAIL,176000,COMPLETED AND OPERATIONAL,SOLD OUT
PurpleyoItem,"LBS Marg, Kanjurmarg West, Mumbai",400078,Damji Shamji Business Galleria,Mumbai,569,19.12945,2016-02-23T09:31:43Z,72.92647,Kanjurmarg West,purpleyo,OFFICE AND RETAIL,210000,COMPLETED AND OPERATIONAL,LEASE/SALE
PurpleyoItem,"Tulsi Pipe Road, Lower Parel, Mumbai",400013,Naman Midtown,Mumbai,570,19.010435,2016-06-02T11:58:07Z,72.83636,Lower Parel,purpleyo,OFFICE,374052,COMPLETED AND OPERATIONAL,LEASE/SALE
PurpleyoItem,"Senapati Bapat Marg, Lower Parel, Mumbai",400013,Peninsula Business Park Tower A,Mumbai,576,18.998928,2016-03-09T06:59:02Z,72.82877,Lower Parel,purpleyo,OFFICE,600000,COMPLETED AND OPERATIONAL,SOLD OUT
PurpleyoItem,"Pandit Jawaharlal Nehru Marg, Panch Bawadi, Malad East, Mumbai",400063,Garnet Paladium,Mumbai,578,19.176039,2016-02-23T10:22:20Z,72.85732,Malad East,purpleyo,OFFICE AND RETAIL,59924,COMPLETED AND OPERATIONAL,LEASE
PurpleyoItem,"Andheri Kurla Road, JB Nagar, Andheri East, Mumbai",400059,Corporate Centre,Mumbai,581,19.110752,2016-05-19T11:25:16Z,72.8707,Andheri East,purpleyo,OFFICE AND RETAIL,208000,COMPLETED AND OPERATIONAL,LEASE
PurpleyoItem,"Andheri East, Mumbai",400059,Corporate Pride,Mumbai,582,19.1017,2016-05-19T11:27:30Z,72.88192,Andheri East,purpleyo,OFFICE,192000,COMPLETED AND OPERATIONAL,LEASE
PurpleyoItem,"# 601 & 602, MG Road, Ghatkopar West, Mumbai",400086,Sanghavi Square,Mumbai,605,19.084576,2016-06-15T13:11:59Z,72.90533,Ghatkopar West,purpleyo,OFFICE AND RETAIL,44079,COMPLETED AND OPERATIONAL,LEASE/SALE
PurpleyoItem,"# 89 & 90, Sector 15, CBD Belapur, Navi Mumbai",400614,Mahaavir Icon,Navi Mumbai,606,19.010365,2016-05-18T09:18:18Z,73.03749,CBD Belapur,purpleyo,OFFICE AND RETAIL,240000,COMPLETED AND OPERATIONAL,LEASED OUT
PurpleyoItem,"# 273, Sector 10, Kharghar, Navi Mumbai",410210,Zion,Navi Mumbai,607,19.036243,2016-06-07T07:58:06Z,73.078995,Kharghar,purpleyo,OFFICE,0,UNDER CONSTRUCTION,SALE
PurpleyoItem,"Andheri Kurla Road, Andheri East, Mumbai",400053,Mehta Estate,Mumbai,694,19.115704,2016-01-11T06:45:31Z,72.857834,Andheri East,purpleyo,OFFICE AND RETAIL,150000,COMPLETED AND OPERATIONAL,LEASED OUT
PurpleyoItem,"Marol Maroshi Road, Andheri East, Mumbai",400059,KP Aurum,Mumbai,695,19.115307,2016-01-11T13:10:49Z,72.88031,Andheri East,purpleyo,OFFICE,148500,COMPLETED AND OPERATIONAL,LEASED OUT
PurpleyoItem,"# 201, Vishveshwar Nagar, Goregaon, Mumbai",400063,Chintamani Avenue,Mumbai,696,19.170841,2016-03-01T07:15:06Z,72.85857,Goregaon East,purpleyo,OFFICE,43200,COMPLETED AND OPERATIONAL,LEASED OUT
PurpleyoItem,"VIshweshar Nagar, Aarey Road, Goregaon East, Mumbai",400063,Chintamani Classique,Mumbai,697,19.168581,2016-03-18T20:09:26Z,72.8531,Goregaon East,purpleyo,OFFICE,0,UNDER CONSTRUCTION,LEASE
PurpleyoItem,"Andheri Kurla Road, Mota Nagar, Andheri West, Mumbai",400053,Chintamani Plaza,Mumbai,698,19.114815,2016-01-14T10:54:40Z,72.857376,Andheri East,purpleyo,OFFICE,161000,COMPLETED AND OPERATIONAL,LEASE
PurpleyoItem,"Sion - Panvel Highway, Sector 18, Vashi, Navi Mumbai",400705,The Corporate Park,Navi Mumbai,709,19.0686,2016-05-16T08:38:25Z,73.007355,Vashi,purpleyo,OFFICE,133885,COMPLETED AND OPERATIONAL,LEASED OUT
PurpleyoItem,"# 7, Arenja Corner, Palm Beach Road, Sector 17, Vashi, Navi Mumbai",400705,Shah Signature,Navi Mumbai,718,19.073486,2016-03-18T20:06:18Z,73.00206,Vashi,purpleyo,OFFICE AND RETAIL,0,UNDER CONSTRUCTION,SALE
PurpleyoItem,"# 5, Sector 19, Palm Beach Road, Sanpada, Navi Mumbai",400705,Kesar Solitaire,Navi Mumbai,723,19.052687,2016-02-03T09:52:23Z,73.008026,Sanpada,purpleyo,OFFICE,246400,COMPLETED AND OPERATIONAL,LEASED OUT
PurpleyoItem,"Thane-Belapur Road, Turbhe MIDC, Turbhe, Navi Mumbai",400036,Arihant Aura - Block B,Navi Mumbai,724,19.075628,2016-05-10T06:10:02Z,73.01983,Turbhe,purpleyo,OFFICE AND RETAIL,210870,COMPLETED AND OPERATIONAL,LEASE/SALE
PurpleyoItem,"Thane-Belapur Road, Turbhe MIDC, Turbhe, Navi Mumbai",400036,Arihant Aura - Block C,Navi Mumbai,725,19.07512,2016-05-10T06:10:40Z,73.019646,Turbhe,purpleyo,OFFICE AND RETAIL,572000,COMPLETED AND OPERATIONAL,LEASE
PurpleyoItem,"Sector 2, Kharghar, Navi Mumbai",410210,Shah Prima,Navi Mumbai,727,19.029837,2016-02-11T05:41:49Z,73.06526,Kharghar,purpleyo,OFFICE AND RETAIL,52800,COMPLETED AND OPERATIONAL,LEASED OUT
PurpleyoItem,"# 1498-A-2, M V Road, Marol, Andheri East, Mumbai",400059,The Qube,Mumbai,761,19.102627,2016-05-18T09:24:49Z,72.879745,Andheri East,purpleyo,OFFICE,300000,COMPLETED AND OPERATIONAL,LEASED OUT
PurpleyoItem,"Centre 1 Building, Cuffe Parade, Mumbai",400005,World Trade Centre - MVIRDC,Mumbai,782,18.91544,2016-01-11T06:54:56Z,72.817566,Cuffe Parade,purpleyo,OFFICE,527008,COMPLETED AND OPERATIONAL,LEASED OUT
PurpleyoItem,"IDBI Tower, The Arcade Shopping Centre, Cuffe Parade, Mumbai",400005,World Trade Centre - Centre One,Mumbai,783,18.914438,2016-05-26T07:14:34Z,72.81759,Cuffe Parade,purpleyo,OFFICE,527008,COMPLETED AND OPERATIONAL,LEASED OUT
PurpleyoItem,"The Arcade, Cuffe Parade, Mumbai",400005,World Trade Centre - The Arcade,Mumbai,784,18.914186,2016-05-26T07:16:44Z,72.8182,Cuffe Parade,purpleyo,OFFICE,49947,COMPLETED AND OPERATIONAL,LEASE
PurpleyoItem,"# 29, Senapati Bapat Marg, Dadar West, Mumbai",400028,The Ruby Mills,Mumbai,800,19.024452,2016-05-10T05:30:46Z,72.84418,Dadar West,purpleyo,OFFICE,1695000,COMPLETED AND OPERATIONAL,LEASE
PurpleyoItem,"Vidyavihar Station Skywalk, Neelkanth Kingdom, Vidyavihar, Mumbai",400086,Neelkanth Business Park,Mumbai,805,19.079529,2016-05-16T06:56:44Z,72.89641,Vidyavihar,purpleyo,OFFICE AND RETAIL,264000,COMPLETED AND OPERATIONAL,LEASED OUT
PurpleyoItem,"MCA Recreation Centre, Bandra Kurla Complex, Mumbai",400051,Godrej BKC,Mumbai,806,19.059761,2016-05-11T07:23:16Z,72.86499,Bandra Kurla Complex,purpleyo,OFFICE,1300000,COMPLETED AND OPERATIONAL,SOLD OUT
PurpleyoItem,"Chandivali Farm Road, Chandivali, Andheri East, Mumbai",400072,Kanakia Boomerang,Mumbai,829,19.113766,2016-01-19T11:34:28Z,72.89279,Andheri East,purpleyo,OFFICE AND RETAIL,1440000,COMPLETED AND OPERATIONAL,LEASE/SALE
PurpleyoItem,"Western Express Highway, Borivali East, Mumbai",400066,Kanakia Western Edge l,Mumbai,834,19.218794,2016-01-13T12:49:45Z,72.8654,Borivali East,purpleyo,OFFICE AND RETAIL,1020500,COMPLETED AND OPERATIONAL,SOLD OUT
PurpleyoItem,"Mahakali Caves Road, Andheri East, Mumbai",400069,Kanakia Wallstreet,Mumbai,849,19.11514,2016-03-18T19:56:59Z,72.86179,Andheri East,purpleyo,OFFICE AND RETAIL,0,UNDER CONSTRUCTION,SALE
PurpleyoItem,"Pahadi Village, Goregaon East, Mumbai",400063,Nirlon Knowledge Park - Block 3,Mumbai,855,19.15537,2016-01-20T12:58:52Z,72.85375,Goregaon East,purpleyo,OFFICE,330000,COMPLETED AND OPERATIONAL,LEASED OUT
PurpleyoItem,"Pahadi Village, Goregaon East, Mumbai",400063,Nirlon Knowledge Park - Block 1,Mumbai,856,19.15537,2016-01-21T05:21:06Z,72.85376,Goregaon East,purpleyo,OFFICE,258750,COMPLETED AND OPERATIONAL,LEASED OUT
PurpleyoItem,"Pahadi Village, Goregaon East, Mumbai",400063,Nirlon Knowledge Park - Block 2,Mumbai,857,19.15537,2016-01-21T05:21:45Z,72.85376,Goregaon East,purpleyo,OFFICE,270000,COMPLETED AND OPERATIONAL,LEASED OUT
PurpleyoItem,"Pahadi Village, Goregaon East, Mumbai",400063,Nirlon Knowledge park - Block 7,Mumbai,858,19.155455,2016-01-22T13:21:26Z,72.85377,Goregaon East,purpleyo,OFFICE,309996,COMPLETED AND OPERATIONAL,LEASED OUT
PurpleyoItem,"CST Road, BKC Annexe, LBS Marg, Kapadia Nagar, Kurla West, Mumbai",400070,Kanakia Zillion,Mumbai,859,19.075481,2016-06-02T12:07:43Z,72.87672,Kurla West,purpleyo,OFFICE AND RETAIL,600000,COMPLETED AND OPERATIONAL,SALE
PurpleyoItem,"Sector 8, Rabale, Navi Mumbai",400701,Sigma IT Park,Navi Mumbai,869,19.141289,2016-01-19T05:31:16Z,73.00889,Rabale,purpleyo,OFFICE,310500,COMPLETED AND OPERATIONAL,SOLD OUT
PurpleyoItem,"# C-54 & 55, G Block, Bandra Kurla Complex Road, Mumbai",400051,First International Financial Center,Mumbai,870,19.069412,2016-05-11T06:57:09Z,72.8696,Bandra Kurla Complex,purpleyo,OFFICE,656686,COMPLETED AND OPERATIONAL,LEASED OUT
PurpleyoItem,"# C-53, G Block, Bandra Kurla Complex, Bandra East, Mumbai",400051,TCG Financial Center,Mumbai,871,19.067429,2016-05-11T07:14:18Z,72.86978,Bandra Kurla Complex,purpleyo,OFFICE,211850,COMPLETED AND OPERATIONAL,LEASED OUT
PurpleyoItem,"Park Site, Veer Savarkar Mark, Vikhroli West, Mumbai",400079,Kailas Business Park,Mumbai,880,19.109491,2016-04-14T10:06:08Z,72.92575,Vikhroli West,purpleyo,OFFICE AND RETAIL,740000,COMPLETED AND OPERATIONAL,SOLD OUT
PurpleyoItem,"Pahadi Village, Goregaon East, Mumbai",400063,Nirlon Knowledge Park - Block 4,Mumbai,918,19.155437,2016-01-22T13:24:24Z,72.85377,Goregaon East,purpleyo,OFFICE,500000,COMPLETED AND OPERATIONAL,LEASED OUT
PurpleyoItem,"Pahadi Village, Goregaon East, Mumbai",400063,Nirlon Knowledge Park - Block 5,Mumbai,919,19.155483,2016-01-22T13:24:54Z,72.85377,Goregaon East,purpleyo,OFFICE,500000,COMPLETED AND OPERATIONAL,LEASED OUT
PurpleyoItem,"Pahadi Village, Goregaon East, Mumbai",400063,Nirlon Knowledge Park - Block 6,Mumbai,920,19.155506,2016-01-22T13:25:33Z,72.85372,Goregaon East,purpleyo,OFFICE,306000,COMPLETED AND OPERATIONAL,LEASED OUT
PurpleyoItem,"Ganpatrao Kadam Marg, Lower Parel-West, Mumbai",400013,Marathon Nextgen Icon,Mumbai,921,18.997326,2016-02-25T10:09:57Z,72.824524,Lower Parel,purpleyo,OFFICE,288000,COMPLETED AND OPERATIONAL,LEASED OUT
PurpleyoItem,"Gut 31, Thane Belpur Road, MIDC, Airoli, Navi Mumbai",400708,Empire Tower,Navi Mumbai,943,19.171516,2016-04-29T12:16:57Z,73.00133,Airoli,purpleyo,OFFICE,0,NEARING COMPLETION,NA
PurpleyoItem,"Thane Belapur Road, MIDC, Dighe, Navi Mumbai",400708,Liberty Tower,Navi Mumbai,944,19.169136,2016-01-29T11:10:22Z,73.00035,Dighe,purpleyo,OFFICE,329000,COMPLETED AND OPERATIONAL,LEASED OUT
PurpleyoItem,"Gut 31, Airoli, Thane Belapur Road, MIDC, Navi Mumbai",400708,Reliable Plaza,Navi Mumbai,945,19.169748,2016-01-29T11:07:49Z,72.9997,Airoli,purpleyo,OFFICE,222250,COMPLETED AND OPERATIONAL,LEASED OUT
PurpleyoItem,"Gut 31, Airoli, Thane Belapur Road, MIDC, Navi Mumbai",400708,Reliable Tech Park,Navi Mumbai,946,19.17017,2016-01-29T11:27:28Z,73.00157,Airoli,purpleyo,OFFICE,960000,COMPLETED AND OPERATIONAL,LEASE
PurpleyoItem,"NM Joshi Marg, Lower Parel, Mumbai",400013,Marathon Futurex,Mumbai,949,18.994741,2016-03-03T06:29:31Z,72.830734,Lower Parel,purpleyo,OFFICE,1525000,COMPLETED AND OPERATIONAL,LEASE/SALE
PurpleyoItem,"LBS Marg, Kurla West, Mumbai",400070,Phoenix Paragon Plaza,Mumbai,951,19.085436,2016-01-20T09:12:09Z,72.888794,Kurla West,purpleyo,OFFICE AND RETAIL,456000,COMPLETED AND OPERATIONAL,LEASE/SALE
PurpleyoItem,"LBS Marg, Kurla West, Mumbai",400070,Phoenix Art Guild House,Mumbai,952,19.086037,2016-02-25T12:21:31Z,72.890205,Kurla West,purpleyo,OFFICE,781998,COMPLETED AND OPERATIONAL,LEASE/SALE
PurpleyoItem,"# 102, Azad Nagar, Andheri East, Mumbai",400053,78 W. Expressway,Mumbai,956,19.117983,2016-01-25T10:47:03Z,72.854836,Andheri East,purpleyo,OFFICE AND RETAIL,1360000,COMPLETED AND OPERATIONAL,LEASED OUT
PurpleyoItem,"Mathuradas Vassanji Road, Sakinaka, Mumbai",400072,Raiaskaran Tech Park - Tower 1,Mumbai,980,19.1032,2016-06-02T12:44:38Z,72.8847,Sakinaka,purpleyo,OFFICE,456000,COMPLETED AND OPERATIONAL,LEASED OUT
PurpleyoItem,"Mathuradas Vassanji Road, Sakinaka, Mumbai",400072,Raiaskaran Tech Park - Tower 2,Mumbai,981,19.103285,2016-06-02T12:42:34Z,72.8847,Sakinaka,purpleyo,OFFICE,456000,COMPLETED AND OPERATIONAL,LEASED OUT
PurpleyoItem,"G Block, Bandra Kurla Complex, Mumbai",400051,Parinee Crescenzo,Mumbai,1010,19.061195,2016-05-18T09:35:50Z,72.86793,Bandra Kurla Complex,purpleyo,OFFICE AND RETAIL,1000000,COMPLETED AND OPERATIONAL,LEASE/SALE
PurpleyoItem,"Ram Mandir Lane, Jai Coach Junction, Goregaon East, Mumbai",400063,Lotus Corporate Park,Mumbai,1058,19.145,2016-03-01T12:59:05Z,72.85331,Goregaon East,purpleyo,OFFICE,1430000,COMPLETED AND OPERATIONAL,LEASED OUT
PurpleyoItem,"Lal Bahadur Shastri Marg, Godrej & Boyce Industry Estate, Vikhroli West, Mumbai",400079,Godrej IT Park,Mumbai,1063,19.10222,2016-02-22T12:17:23Z,72.92244,Vikhroli West,purpleyo,OFFICE,1400000,COMPLETED AND OPERATIONAL,LEASED OUT
PurpleyoItem,"Wagke Estate, LBS Marg, Neheru Nagar, Wagle Industrial Estate",400604,Nitco Biz Park ,Mumbai,1067,19.196775,2016-01-11T08:56:08Z,72.9537,Thane West,purpleyo,OFFICE,245000,COMPLETED AND OPERATIONAL,NA
PurpleyoItem,"Jamnalal Bajaj Road, Nariman Point, Mumbai",400021,Atlanta ,Mumbai,1102,18.924742,2016-03-02T10:03:56Z,72.821625,Nariman Point,purpleyo,OFFICE,110844,COMPLETED AND OPERATIONAL,LEASED OUT
PurpleyoItem,"# 226, Jamnalal Bajaj Marg, Barrister Rajni Patel Marg, Nariman Point, Mumbai",400021,Bajaj Bhavan,Mumbai,1103,18.925852,2016-03-02T09:44:25Z,72.8224,Nariman Point,purpleyo,OFFICE,104304,COMPLETED AND OPERATIONAL,LEASED OUT
PurpleyoItem,"Ramnath Goenka Marg, Nariman Point, Mumbai ",400021,Bakhtawar,Mumbai,1104,18.92622,2016-03-02T09:20:33Z,72.82099,Nariman Point,purpleyo,OFFICE,142996,COMPLETED AND OPERATIONAL,LEASED OUT
PurpleyoItem,"Freepress Journal Marg, Nariman Point, Mumbai ",400021,Dalamal Tower,Mumbai,1105,18.924437,2016-03-02T10:12:09Z,72.824356,Nariman Point,purpleyo,OFFICE,180000,COMPLETED AND OPERATIONAL,LEASED OUT
PurpleyoItem,"NCPA Marg, Nariman Point, Mumbai",400021,Earnest House,Mumbai,1106,18.9248,2016-03-02T10:01:05Z,72.820885,Nariman Point,purpleyo,OFFICE,170000,COMPLETED AND OPERATIONAL,LEASED OUT
PurpleyoItem,"NCPA Marg, Nariman Point, Mumbai",400021,Hoechst House ,Mumbai,1107,18.92539,2016-03-02T09:58:28Z,72.819046,Nariman Point,purpleyo,OFFICE,119072,COMPLETED AND OPERATIONAL,NA
PurpleyoItem,"Vinay K Shah Marg, Nariman Point, Mumbai",400021,Jolly Maker Chamber ll,Mumbai,1108,18.92558,2016-06-20T06:26:11Z,72.822296,Nariman Point,purpleyo,OFFICE,150000,COMPLETED AND OPERATIONAL,LEASED OUT
PurpleyoItem,"Vinay K Shah Marg, Nariman Point, Mumbai",400021,Maker Chamber lll,Mumbai,1109,18.925474,2016-06-03T06:59:06Z,72.82218,Nariman Point,purpleyo,OFFICE,180000,COMPLETED AND OPERATIONAL,LEASE/SALE
PurpleyoItem,"NCPA Marg, Nariman Point, Mumbai",400021,Arcadia ,Mumbai,1110,18.924488,2016-05-10T09:25:19Z,72.82063,Nariman Point,purpleyo,OFFICE,98176,COMPLETED AND OPERATIONAL,LEASED OUT
PurpleyoItem,"Jamnalal Bajaj Road, Nariman Point, Mumbai",400021,Maker Chamber IV,Mumbai,1111,18.924688,2016-05-09T05:23:27Z,72.82276,Nariman Point,purpleyo,OFFICE,197500,COMPLETED AND OPERATIONAL,LEASED OUT
PurpleyoItem,"Jamnalal Bajaj Road, Nariman Point, Mumbai",400021,Maker Chamber V,Mumbai,1112,18.924326,2016-06-20T12:25:41Z,72.82265,Nariman Point,purpleyo,OFFICE,200800,COMPLETED AND OPERATIONAL,LEASED OUT
PurpleyoItem,"Barrister Rajni Patel Marg, Nariman Point, Mumbai",400021,Mittal Chambers,Mumbai,1113,18.926481,2016-03-02T09:50:59Z,72.82189,Nariman Point,purpleyo,OFFICE,182000,COMPLETED AND OPERATIONAL,LEASED OUT
PurpleyoItem,"Jamnalal Bajaj Road, Nariman Point, Mumbai",400021,Maker Chamber VI,Mumbai,1114,18.923983,2016-05-10T09:25:48Z,72.82224,Nariman Point,purpleyo,OFFICE,190500,COMPLETED AND OPERATIONAL,LEASED OUT
PurpleyoItem,"BRP Road, Churchgate, Nariman Point, Mumbai",400021,Mittal Court,Mumbai,1117,18.925243,2016-03-02T09:47:37Z,72.823456,Nariman Point,purpleyo,OFFICE,238000,COMPLETED AND OPERATIONAL,LEASED OUT
PurpleyoItem,"Free Press Journal Marg, Nariman Point, Mumbai",400021,Mittal Tower,Mumbai,1124,18.924984,2016-05-10T09:30:25Z,72.82482,Nariman Point,purpleyo,OFFICE,255000,COMPLETED AND OPERATIONAL,LEASED OUT
PurpleyoItem,"Nariman Bhavan, Vinay K Shah Marg, Nariman Point, Mumbai",400021,Nariman Bhavan,Mumbai,1127,18.925991,2016-03-02T09:56:26Z,72.82163,Nariman Point,purpleyo,OFFICE,181760,COMPLETED AND OPERATIONAL,LEASED OUT
PurpleyoItem,"Free Press Journal Marg, Nariman Point, Mumbai",400021,Raheja Centre,Mumbai,1128,18.9236,2016-06-09T11:05:10Z,72.823326,Nariman Point,purpleyo,OFFICE,194820,COMPLETED AND OPERATIONAL,LEASED OUT
PurpleyoItem,"Free Press Journal Marg, Nariman Point, Mumbai",400021,Raheja Chambers,Mumbai,1129,18.923908,2016-06-09T11:06:27Z,72.82386,Nariman Point,purpleyo,OFFICE,223950,COMPLETED AND OPERATIONAL,LEASED OUT
PurpleyoItem,"Nariman Point, Mumbai",400021,Sakhar Bhavan,Mumbai,1130,18.92724,2016-05-10T09:26:20Z,72.822205,Nariman Point,purpleyo,OFFICE AND RETAIL,203500,COMPLETED AND OPERATIONAL,LEASED OUT
PurpleyoItem,"# 7, Free Press Journal Marg, Nariman Point, Mumbai",400021,Tulsiani Chambers,Mumbai,1131,18.924158,2016-05-10T09:26:44Z,72.82408,Nariman Point,purpleyo,OFFICE AND RETAIL,110000,COMPLETED AND OPERATIONAL,LEASED OUT
PurpleyoItem,"# I.T.5, MIDC, Airoli Knowledge Park, Airoli, Navi Mumbai",400708,Gigaplex Building 2,Navi Mumbai,1132,19.174753,2016-02-02T10:35:10Z,72.992004,Airoli,purpleyo,OFFICE,490500,COMPLETED AND OPERATIONAL,LEASE
PurpleyoItem,"# I.T.5, MIDC, Airoli Knowledge Park, Airoli, Navi Mumbai",400708,Gigaplex Building 1,Navi Mumbai,1133,19.173841,2016-02-02T10:36:49Z,72.991974,Airoli,purpleyo,OFFICE,414000,COMPLETED AND OPERATIONAL,LEASE
PurpleyoItem,"# I.T.5, MIDC, Airoli Knowledge Park, Airoli, Navi Mumbai",400708,Gigaplex Building 3,Navi Mumbai,1134,19.174822,2016-02-02T10:37:54Z,72.99344,Airoli,purpleyo,OFFICE,490500,COMPLETED AND OPERATIONAL,LEASE
PurpleyoItem,"# I.T.5, MIDC, Airoli Knowledge Park, Airoli, Navi Mumbai",400708,Gigaplex Building 4,Navi Mumbai,1135,19.175034,2016-02-02T10:43:09Z,72.99228,Airoli,purpleyo,OFFICE,490500,COMPLETED AND OPERATIONAL,LEASE
PurpleyoItem,"Shree Nagar, Thane West, Thane, Mumbai",400604,Neptune Element ,Mumbai,1147,19.192402,2016-02-25T12:21:43Z,72.94898,Thane,purpleyo,OFFICE,980000,COMPLETED AND OPERATIONAL,SOLD OUT
PurpleyoItem,"# D-3, Road No 16, Wagle Industrial Estate, Thane West, Mumbai",400604,Kalpataru Prime,Mumbai,1166,19.19726,2016-04-11T09:53:28Z,72.95677,Thane West,purpleyo,OFFICE,390000,COMPLETED AND OPERATIONAL,LEASED OUT
PurpleyoItem,"Prof NS Phadke Marg, Vijay Nagar, Andheri East, Mumbai",400053,Hubtown Solaris,Mumbai,1224,19.114754,2016-05-27T11:15:04Z,72.84995,Andheri East,purpleyo,OFFICE,858000,COMPLETED AND OPERATIONAL,SOLD OUT
PurpleyoItem,"# C-66, BKC, Bandra East, Mumbai",400051,One BKC,Mumbai,1277,19.060781,2016-05-11T07:15:29Z,72.86486,Bandra Kurla Complex,purpleyo,OFFICE,1020000,COMPLETED AND OPERATIONAL,SOLD OUT
PurpleyoItem,"Equinox Business Park, Lal Bahadur Shastri Road, Kurla West, Mumbai",400070,Equinox Business Park Tower 3,Mumbai,1526,19.071966,2016-03-31T13:35:55Z,72.87649,Kurla West,purpleyo,OFFICE,352000,COMPLETED AND OPERATIONAL,LEASED OUT
PurpleyoItem,"Equinox Business Park, Lal Bahadur Shastri Road, Kurla West, Mumbai",400070,Equinox Business Park Tower 4,Mumbai,1527,19.071507,2016-03-31T09:42:31Z,72.87721,Kurla West,purpleyo,OFFICE,572000,COMPLETED AND OPERATIONAL,LEASED OUT
PurpleyoItem,"Nesco IT Park, Western Expressway, Goregaon East, Mumbai",400063,Nesco - IT 3,Mumbai,1540,19.152622,2016-06-02T06:22:10Z,72.85566,Goregaon East,purpleyo,OFFICE,667854,COMPLETED AND OPERATIONAL,NA
PurpleyoItem,"Nesco IT Park, Western Expressway, Goregaon East, Mumbai",400063,Nesco - IT 4,Mumbai,1542,19.152613,2016-06-02T05:45:58Z,72.855736,Goregaon East,purpleyo,OFFICE,0,UNDER CONSTRUCTION,LEASE
PurpleyoItem,"Nesco IT Park, Western Expressway, Goregaon East, Mumbai",400063,Nesco - IT 2,Mumbai,1554,19.152683,2016-05-27T06:16:26Z,72.85566,Goregaon East,purpleyo,OFFICE,120000,COMPLETED AND OPERATIONAL,LEASED OUT
PurpleyoItem,"Nesco IT Park, Western Expressway, Goregaon East, Mumbai",400063,Nesco - IT 1,Mumbai,1555,19.152721,2016-05-27T06:05:50Z,72.85573,Goregaon East,purpleyo,OFFICE,150000,COMPLETED AND OPERATIONAL,LEASED OUT
PurpleyoItem,"CST Road, Kalina, Santacruz East, Mumbai",400098,Manek Plaza,Mumbai,1808,19.072504,2016-05-24T13:33:03Z,72.86697,Kalina,purpleyo,OFFICE,49800,COMPLETED AND OPERATIONAL,LEASE/SALE
PurpleyoItem,"CST Road, Vidya Nagari, Kalina, Santacruz East, Mumbai",400098,Emgeen Chambers,Mumbai,1811,19.073803,2016-02-15T07:00:54Z,72.860916,Kalina,purpleyo,OFFICE AND RETAIL,14000,COMPLETED AND OPERATIONAL,LEASED OUT
PurpleyoItem,"# 14, Dr Annie Besant Road, Century Bazaar, Prabhadevi, Mumbai",400030,Birla Aurora,Mumbai,1993,19.012203,2016-05-19T09:17:43Z,72.8234,Prabhadevi,purpleyo,OFFICE,211983,COMPLETED AND OPERATIONAL,NA
PurpleyoItem,"# A-112, Road Number 22, Wagle Industrial Area, Mumbai",400604,Coral Square,Mumbai,2153,19.194416,2016-06-14T10:36:20Z,72.95021,Wagle Industrail Area,purpleyo,OFFICE AND RETAIL,91300,COMPLETED AND OPERATIONAL,LEASED OUT
PurpleyoItem,"Rosa Vista, Ghod Bundef Road, Thane West, Mumbai",400615,Rosa Vista,Mumbai,2156,19.255781,2016-05-20T12:03:44Z,72.97184,Thane West,purpleyo,OFFICE AND RETAIL,75000,COMPLETED AND OPERATIONAL,LEASED OUT
PurpleyoItem,"MIDC, Ghansoli, Navi Mumbai",400701,Technocity Premises Block B,Mumbai,2167,19.114395,2016-03-04T12:31:08Z,73.0143,Ghansoli,purpleyo,OFFICE,234000,COMPLETED AND OPERATIONAL,LEASED OUT
PurpleyoItem,"MIDC, Ghansoli, Navi Mumbai",400701,Technocity Premises Block A,Mumbai,2168,19.114435,2016-03-04T12:31:45Z,73.01461,Ghansoli,purpleyo,OFFICE,234000,COMPLETED AND OPERATIONAL,LEASE
PurpleyoItem,"# X-4/5, TTC Industrial Area, Mahape, MIDC, Navi Mumbai, Mumbai",400701,,Mumbai,2169,19.114017,2016-03-04T12:30:39Z,73.01239,Mahape,purpleyo,OFFICE,100000,COMPLETED AND OPERATIONAL,LEASED OUT
PurpleyoItem,"Inorbit Road, Mindspace, Malad West, Mumbai",400064,Knox Plaza Wing - A,Mumbai,2331,19.176746,2016-06-17T10:54:16Z,72.83425,Malad West,purpleyo,OFFICE,40000,COMPLETED AND OPERATIONAL,LEASED OUT
PurpleyoItem,"Inorbit Road, Mindspace, Malad West, Mumbai",400064,Knox Plaza Wing - B,Mumbai,2332,19.176764,2016-06-17T09:37:55Z,72.83422,Malad West,purpleyo,OFFICE,40000,COMPLETED AND OPERATIONAL,LEASED OUT
PurpleyoItem,"Sector 15, CBD Belapur, Navi Mumbai",400614,NMS Titanium,Navi Mumbai,2333,19.009077,2016-04-13T09:45:12Z,73.035866,CBD Belapur,purpleyo,OFFICE,140000,COMPLETED AND OPERATIONAL,LEASE
PurpleyoItem,"Thane - Belapur Road, Rabale, Navi Mumbai",400701,,Navi Mumbai,2334,19.136536,2016-03-10T06:25:45Z,73.00309,Rabale,purpleyo,OFFICE,2000,COMPLETED AND OPERATIONAL,LEASE
PurpleyoItem,"# 52, Palm Beach Road, Sector 15, CBD Belapur, Navi Mumbai",400614,Arneja Plaza,Navi Mumbai,2335,19.00994,2016-04-12T07:30:21Z,73.032875,CBD Belapur,purpleyo,OFFICE AND RETAIL,11200,COMPLETED AND OPERATIONAL,LEASED OUT
PurpleyoItem,"Shilp Chowk, Sector 13, Kharghar, Navi Mumbai",410210,The Pacific,Navi Mumbai,2336,19.046734,2016-06-07T07:58:39Z,73.07008,Kharghar,purpleyo,OFFICE AND RETAIL,0,UNDER CONSTRUCTION,LEASE/SALE
PurpleyoItem,"CST Road, Kalina, Santacruz East, Mumbai",400098,Pattathu Business Plaza,Mumbai,2340,19.0726,2016-06-03T12:12:12Z,72.8657,Santacruz East,purpleyo,OFFICE,22400,COMPLETED AND OPERATIONAL,SOLD OUT
PurpleyoItem,"CST Road, Santacruz East, Mumbai",400098,Trustwell Spaces,Mumbai,2350,19.073496,2016-06-03T12:15:41Z,72.867874,Santacruz East,purpleyo,OFFICE,13200,COMPLETED AND OPERATIONAL,SALE
PurpleyoItem,"Andheri Kurla Road, Andheri East, Mumbai",400053,Trade Star,Mumbai,2351,19.111841,2016-03-11T07:16:56Z,72.87006,Andheri East,purpleyo,OFFICE,104940,COMPLETED AND OPERATIONAL,LEASED OUT
PurpleyoItem,"# D-13, Street 21, MIDC, Andheri East, Mumbai",400093,The Great Oasis,Mumbai,2352,19.119482,2016-04-18T11:42:59Z,72.87585,Andheri East,purpleyo,OFFICE,128250,COMPLETED AND OPERATIONAL,LEASED OUT
PurpleyoItem,"# 291, Andheri Kurla Road, Chakala, Andheri East, Mumbai",400053,Xtrium,Mumbai,2353,19.115236,2016-05-04T12:57:09Z,72.85925,Andheri East,purpleyo,OFFICE,45500,COMPLETED AND OPERATIONAL,SOLD OUT
PurpleyoItem,"Mindspace, Malad West, Mumbai",400064,Aalind Fortuna Wing A,Mumbai,2354,19.177383,2016-03-11T07:43:38Z,72.83399,Malad West,purpleyo,OFFICE,19800,COMPLETED AND OPERATIONAL,LEASED OUT
PurpleyoItem,"Mindspace, Malad West, Mumbai",400064,Aalind Fortuna Wing B,Mumbai,2355,19.177399,2016-03-11T07:49:45Z,72.83399,Malad West,purpleyo,OFFICE,23100,COMPLETED AND OPERATIONAL,LEASED OUT
PurpleyoItem,"# 173/174, Swami Vivekanand Road, Jethava Road, Kandivali West, Mumbai",400067,Sejal Encasaa - Wing A,Mumbai,2356,19.201357,2016-05-27T11:47:45Z,72.84924,Kandivali West,purpleyo,OFFICE AND RETAIL,23400,COMPLETED AND OPERATIONAL,LEASED OUT
PurpleyoItem,"# 173/174, Swami Vivekanad Road, Jethava Nagar, Kandivali West, Mumbai",400067,Sejal Encasaa Wing B,Mumbai,2357,19.204735,2016-03-11T08:05:12Z,72.84994,Kandivali West,purpleyo,OFFICE AND RETAIL,23400,COMPLETED AND OPERATIONAL,LEASED OUT
PurpleyoItem,"Road Number 2, Gandhi Nagar, Bandra East, Mumbai",500051,Siddhivinayak Chambers,Mumbai,2366,19.057383,2016-06-09T11:15:21Z,72.84747,Bandra East,purpleyo,OFFICE AND RETAIL,24000,COMPLETED AND OPERATIONAL,LEASED OUT
PurpleyoItem,"Saki Vihar Road, Ganesh Nagar, Marol, Andheri East, Mumbai",400058,T Square,Mumbai,2377,19.112276,2016-06-03T12:17:30Z,72.88815,Andheri East,purpleyo,OFFICE AND RETAIL,40000,COMPLETED AND OPERATIONAL,LEASED OUT
PurpleyoItem,"# 14-A, Siddharth Nagar, SV Road, Goregaon West, Mumbai",400062,Wallfort House,Mumbai,2378,19.161688,2016-06-08T07:18:21Z,72.84586,Goregaon West,purpleyo,OFFICE AND RETAIL,15000,COMPLETED AND OPERATIONAL,LEASE/SALE
PurpleyoItem,"BKC Road, Bandra Kurla Complex, Mumbai",400098,Pinnacle Corporate Park Wing - A,Mumbai,2379,19.072489,2016-05-31T06:34:57Z,72.87008,Bandra Kurla Complex,purpleyo,OFFICE,82500,COMPLETED AND OPERATIONAL,LEASED OUT
PurpleyoItem,"Swami Vivekanand Road, Jethava Nagar, Kandivali West, Mumbai",400067,,Mumbai,2381,19.204838,2016-05-23T12:10:56Z,72.84959,Kandivali West,purpleyo,OFFICE AND RETAIL,9500,COMPLETED AND OPERATIONAL,SALE
PurpleyoItem,"BKC Road, Bandra Kurla Complex, Mumbai",400051,Pinnacle Corporate Park Wing - B,Mumbai,2382,19.07242,2016-03-11T09:26:35Z,72.87004,Bandra Kurla Complex,purpleyo,OFFICE,48400,COMPLETED AND OPERATIONAL,LEASED OUT
PurpleyoItem,"Shaki Vihar Complex Road, Chandivali, Powai, Mumbai",400072,Light Hall - Wing A,Mumbai,2385,19.114365,2016-05-23T10:30:24Z,72.889244,Powai,purpleyo,OFFICE,159780,COMPLETED AND OPERATIONAL,LEASED OUT
PurpleyoItem,"SV Road, Santacruz West, Mumbai",400054,,Mumbai,2387,19.08149,2016-04-27T06:33:56Z,72.837654,Santacruz West,purpleyo,OFFICE AND RETAIL,60000,COMPLETED AND OPERATIONAL,LEASED OUT
PurpleyoItem,"Shaki Vihar Complex Road, Chandivali, Powai, Mumbai",400072,Light Hall - Wing B,Mumbai,2388,19.11456,2016-05-23T10:34:33Z,72.88939,Powai,purpleyo,OFFICE,267909,COMPLETED AND OPERATIONAL,LEASED OUT
PurpleyoItem,"Mathuradas Vasanji Road, Saki Vihar Road, Saki Naka, Andheri East, Mumbai",400072,,Mumbai,2390,19.106112,2016-03-11T09:56:30Z,72.885376,Andheri East,purpleyo,OFFICE AND RETAIL,30000,COMPLETED AND OPERATIONAL,LEASE
PurpleyoItem,"G Block, Bandra Kurla Complex, Mumbai",400051,INS Tower,Mumbai,2393,19.067383,2016-03-29T07:13:27Z,72.86649,Bandra Kurla Complex,purpleyo,OFFICE,0,UNDER CONSTRUCTION,LEASED OUT
PurpleyoItem,"# D-184, MIDC, Behind London Pilsner, Nerul, Navi Mumbai",400706,Vishwa Park,Navi Mumbai,2397,19.046305,2016-03-11T07:56:14Z,73.026665,Nerul,purpleyo,OFFICE,28500,COMPLETED AND OPERATIONAL,LEASE
PurpleyoItem,"# 202/203, Lal Bahadur Shastri Marg, Taximens Colony, Kurla West, Mumbai",400070,Narang Trellis,Mumbai,2400,19.070126,2016-05-31T07:13:39Z,72.87553,Kurla West,purpleyo,OFFICE AND RETAIL,19500,COMPLETED AND OPERATIONAL,SALE
PurpleyoItem,"Jui Nagar East, Soin Panvel Highway, Navi Mumbai",400706,Business Bay,Navi Mumbai,2403,19.052216,2016-06-08T07:19:44Z,73.019394,Juinagar,purpleyo,OFFICE AND RETAIL,46640,COMPLETED AND OPERATIONAL,LEASED OUT
PurpleyoItem,"Ram Mandir Road, Vile Parle East, Mumbai",400057,Narang Continuum,Mumbai,2407,19.099129,2016-03-11T11:18:15Z,72.84559,Vile Parle East,purpleyo,OFFICE AND RETAIL,23000,COMPLETED AND OPERATIONAL,SALE
PurpleyoItem,"Cardinal Gracias Road, J.B. Nagar, Tarun Bharat, Andheri East, Mumbai",400059,Silver Astra,Mumbai,2417,19.107424,2016-03-11T07:17:12Z,72.86387,Andheri East,purpleyo,OFFICE,24500,COMPLETED AND OPERATIONAL,LEASED OUT
PurpleyoItem,"# 26, Sector 36, Kharghar, Navi Mumbai",410210,Kamdhenu Commerz,Navi Mumbai,2421,19.070877,2016-06-07T07:59:30Z,73.082535,Kharghar,purpleyo,OFFICE AND RETAIL,0,CONSTRUCTION YET TO COMMENCE,NA
PurpleyoItem,"Chakravarti Ashok Road, Govind Dalvi Nagar, Kandivali East, Mumbai",400101,Thakur House - Block A,Mumbai,2423,19.201607,2016-05-27T05:56:09Z,72.856316,Kandivali East,purpleyo,OFFICE,8000,COMPLETED AND OPERATIONAL,LEASE
PurpleyoItem,"Chakravarti Ashok Road, Govind Dalvi Nagar, Kandivali East, Mumbai",400101,Thakur House  Block - B,Mumbai,2424,19.201635,2016-05-27T06:01:11Z,72.85632,Kandivali East,purpleyo,OFFICE,31500,COMPLETED AND OPERATIONAL,LEASED OUT
PurpleyoItem,"Thakur Shyamnarayan Marg, Kanakiya, Thakur Village, Kandivali East, Mumbai",400101,Thakur Mall,Mumbai,2425,19.20892,2016-05-31T09:06:35Z,72.87254,Kandivali East,purpleyo,OFFICE AND RETAIL,33000,COMPLETED AND OPERATIONAL,LEASED OUT
PurpleyoItem,"13th Road, Khar West, Mumbai",400052,Kirabo,Mumbai,2426,19.07033,2016-06-14T10:37:07Z,72.83342,Khar West,purpleyo,OFFICE AND RETAIL,36630,COMPLETED AND OPERATIONAL,LEASE
PurpleyoItem,"# 3, New Link Road, Veera Desai Industrial Estate, Andheri West, Mumbai",400102,Maplle Morya Classic,Mumbai,2446,19.141468,2016-03-21T08:48:32Z,72.833786,Andheri West,purpleyo,OFFICE AND RETAIL,105000,COMPLETED AND OPERATIONAL,LEASED OUT
PurpleyoItem,"# 186, Sector 12, Vashi, Navi Mumbai",400705,Laksh Building,Navi Mumbai,2447,19.091406,2016-05-20T10:21:26Z,73.00527,Vashi,purpleyo,OFFICE AND RETAIL,7200,COMPLETED AND OPERATIONAL,LEASED OUT
PurpleyoItem,"Asan Pada Road, Mittal Industrial Estate, Marol, Sakinaka, Andheri East, Mumbai",400059,Mittal Commercia,Mumbai,2451,19.104572,2016-03-14T13:12:51Z,72.88047,Andheri East,purpleyo,OFFICE,156225,COMPLETED AND OPERATIONAL,SOLD OUT
PurpleyoItem,"Sir Mathuradas Vasanji Road, Mittal Industrial Estate, Marol, Andheri East, Mumbai",400059,Mittal Estate,Mumbai,2464,19.107162,2016-04-29T13:02:08Z,72.882576,Andheri East,purpleyo,OFFICE AND RETAIL,15000,COMPLETED AND OPERATIONAL,LEASE
PurpleyoItem,"# C-31, G Block, Bandra Kurla Complex, Bandra East, Mumbai",400051,Naman Centre,Mumbai,2470,19.060583,2016-06-07T13:00:53Z,72.86275,Bandra Kurla Complex,purpleyo,OFFICE,180000,COMPLETED AND OPERATIONAL,NA
PurpleyoItem,"Chakala, Andheri Ghatkopar Link Road, Andheri East, Mumbai",400093,Corporate Avenue Wing C,Mumbai,2484,19.110926,2016-03-21T09:39:33Z,72.85909,Andheri East,purpleyo,OFFICE,77917,COMPLETED AND OPERATIONAL,LEASED OUT
PurpleyoItem,"Linking Road, Vithaldas Nagar, Santacruz West, Mumbai",400054,Ramee Emerald 2,Mumbai,2486,19.075891,2016-06-06T13:05:24Z,72.83394,Santacruz West,purpleyo,OFFICE AND RETAIL,20800,COMPLETED AND OPERATIONAL,LEASED OUT
PurpleyoItem,"Sundarabai Gangadhar Marg, Meghdoot, Hari Om Nagar, Borivali West, Mumbai",400092,,Mumbai,2487,19.221125,2016-06-03T12:30:25Z,72.85337,Borivali West,purpleyo,OFFICE AND RETAIL,48000,COMPLETED AND OPERATIONAL,NA
PurpleyoItem,"Chakala, Andheri Ghatkopar Link Road, Andheri East, Mumbai",400093,Corporate Avenue Wing D,Mumbai,2488,19.110756,2016-03-16T07:10:43Z,72.8591,Andheri East,purpleyo,OFFICE,39767,COMPLETED AND OPERATIONAL,LEASED OUT
PurpleyoItem,"Chakala, Andheri Ghatkopar Link Road, Andheri East, Mumbai",400093,Corporate Avenue Wing E,Mumbai,2489,19.110685,2016-03-16T07:14:13Z,72.85947,Andheri East,purpleyo,OFFICE,59990,COMPLETED AND OPERATIONAL,NA
PurpleyoItem,"Dr Annie Besant Road, Municipal Colony, Worli Shivaji Nagar, Worli, Mumbai",400030,Vaswani Chambers Wing A,Mumbai,2492,19.012136,2016-06-03T12:36:45Z,72.82142,Worli ,purpleyo,OFFICE AND RETAIL,27400,COMPLETED AND OPERATIONAL,LEASE
PurpleyoItem,"Dr Annie Besant Road, Municipal Colony, Worli Shivaji Nagar, Worli, Mumbai",400030,Vaswani Chambers Wing B,Mumbai,2493,19.012136,2016-06-03T12:37:44Z,72.82144,Worli ,purpleyo,OFFICE AND RETAIL,38000,COMPLETED AND OPERATIONAL,LEASE
PurpleyoItem,"# 14, Shaha Industrial Estate Road, Industrial Area, Andheri West, Mumbai",400059,Remi Commercio,Mumbai,2511,19.13399,2016-03-18T19:52:17Z,72.834206,Andheri West,purpleyo,OFFICE AND RETAIL,0,UNDER CONSTRUCTION,SOLD OUT
PurpleyoItem,"Versova Road, Munshi Nagar, Andheri West, Mumbai",400059,Lotus Link Square,Mumbai,2512,19.127777,2016-03-16T13:14:17Z,72.83121,Andheri West,purpleyo,OFFICE AND RETAIL,0,UNDER CONSTRUCTION,SOLD OUT
PurpleyoItem,"V P Road, Vile Parle West, Mumbai",400056,Lotus Pride,Mumbai,2516,19.096369,2016-03-16T12:59:50Z,72.84328,Vile Parle,purpleyo,OFFICE AND RETAIL,40000,COMPLETED AND OPERATIONAL,SOLD OUT
PurpleyoItem,"Windsor Lane, MMRDA Area, Kalina, Santacruz East, Mumbai",400098,Dani Corporate Park,Mumbai,2524,19.071056,2016-06-06T13:04:21Z,72.86457,Santacruz East,purpleyo,OFFICE,52500,COMPLETED AND OPERATIONAL,LEASED OUT
PurpleyoItem,"# 167, CST Road, Kalina, Santacruz East, Mumbai",400098,Gujral's,Mumbai,2525,19.07297,2016-06-20T10:04:05Z,72.86807,Santacruz East,purpleyo,OFFICE,11200,COMPLETED AND OPERATIONAL,LEASED OUT
PurpleyoItem,"Mehra Compound Road, Safed Pul, Sakinaka, Andheri East, Mumbai",400072,Trade Square Wing B,Mumbai,2552,19.099003,2016-03-18T07:20:54Z,72.88624,Andheri East,purpleyo,OFFICE,42000,COMPLETED AND OPERATIONAL,LEASED OUT
PurpleyoItem,"Mehra Compound Road, Safed Pul, Sakinaka, Andheri East, Mumbai",400072,Trade Square Wing A,Mumbai,2554,19.099155,2016-03-18T07:21:17Z,72.88588,Andheri East,purpleyo,OFFICE,42000,COMPLETED AND OPERATIONAL,LEASE
PurpleyoItem,"Goregaon - Mulund Link Road, Malad West, Mumbai",400064,First Avenue,Mumbai,2559,19.173557,2016-03-18T07:37:43Z,72.83887,Malad West,purpleyo,OFFICE AND RETAIL,110053,COMPLETED AND OPERATIONAL,SALE
PurpleyoItem,"Pandurang Bhudkar Marg, Lower Parel, Worli, Mumbai",400030,Century Greenspan,Mumbai,2565,19.007446,2016-06-06T06:54:20Z,72.82486,Worli ,purpleyo,OFFICE,433580,COMPLETED AND OPERATIONAL,LEASE
PurpleyoItem,"Western Express Highway, Andheri East, Mumbai",400069,349 Business Point,Mumbai,2597,19.116009,2016-05-26T11:43:22Z,72.85451,Andheri East,purpleyo,OFFICE AND RETAIL,92700,COMPLETED AND OPERATIONAL,NA
PurpleyoItem,"Saki Vihar Road, Chandivali, Powai, Mumbai",400072,55 Corporate Avenue,Mumbai,2600,19.117348,2016-06-20T08:39:10Z,72.88959,Powai,purpleyo,OFFICE,36000,COMPLETED AND OPERATIONAL,LEASE
PurpleyoItem,"G Block, BKC Road, Bandra East, Mumbai",400051,Inspire,Mumbai,2606,19.063456,2016-05-16T07:34:25Z,72.85767,Bandra East,purpleyo,OFFICE,0,UNDER CONSTRUCTION,SALE
PurpleyoItem,"Technocity, Mahape, Navi Mumbai",400711,,Navi Mumbai,2646,19.114645,2016-06-06T07:59:23Z,73.01691,Mahape,purpleyo,OFFICE AND RETAIL,175500,COMPLETED AND OPERATIONAL,LEASED OUT
PurpleyoItem,"# 841, Senapati Bapat Marg, Lower Parel, Mumbai",400013,One Indiabulls Centre - Tower 1,Mumbai,2713,19.006783,2016-06-01T13:16:41Z,72.83223,Lower Parel,purpleyo,OFFICE AND RETAIL,570000,COMPLETED AND OPERATIONAL,LEASED OUT
PurpleyoItem,"Senapati Bapat Marg, Babasaheb Ambedkar Nagar, Lower Parel, Mumbai",400013,Indiabulls Finance Centre - Tower 1,Mumbai,2724,19.00995,2016-06-01T13:13:36Z,72.83502,Lower Parel,purpleyo,OFFICE,508074,COMPLETED AND OPERATIONAL,LEASED OUT
PurpleyoItem,"Senapati Bapat Marg, Babasaheb Ambedkar Nagar, Lower Parel, Mumbai",400013,Indiabulls Finance Centre - Tower 2,Mumbai,2727,19.010073,2016-06-01T13:13:16Z,72.835236,Lower Parel,purpleyo,OFFICE AND RETAIL,802489,COMPLETED AND OPERATIONAL,LEASED OUT
PurpleyoItem,"Senapati Bapat Marg, Babasaheb Ambedkar Nagar, Lower Parel, Mumbai",400013,Indiabulls Finance Centre - Tower 3,Mumbai,2731,19.009676,2016-06-01T13:12:37Z,72.83542,Lower Parel,purpleyo,OFFICE AND RETAIL,910196,COMPLETED AND OPERATIONAL,LEASED OUT
PurpleyoItem,"# 6, Chakala Industrial Area (MIDC), Andheri East, Mumbai",400069,Business Park,Mumbai,2782,19.119894,2016-05-20T12:05:04Z,72.86893,Andheri East,purpleyo,OFFICE,36973,COMPLETED AND OPERATIONAL,LEASE/SALE
PurpleyoItem,"Pandurang Budhkar Marg, Lower Parel, Worli, Mumbai",400030,Century Esplanade,Mumbai,2788,19.006847,2016-03-29T09:27:09Z,72.82491,Worli ,purpleyo,OFFICE AND RETAIL,0,UNDER CONSTRUCTION,LEASE
PurpleyoItem,"Sahar Road, Andheri East, Mumbai",400058,Fulcrum Business Center - Wing A,Mumbai,2798,19.104185,2016-06-06T10:47:04Z,72.87199,Andheri East,purpleyo,OFFICE AND RETAIL,187144,COMPLETED AND OPERATIONAL,LEASE
PurpleyoItem,"Sahar Road, Andheri East, Mumbai",400058,Fulcrum Business Center - Wing B,Mumbai,2806,19.104273,2016-06-08T07:03:22Z,72.87201,Andheri East,purpleyo,OFFICE AND RETAIL,187555,COMPLETED AND OPERATIONAL,LEASED OUT
PurpleyoItem,"Lal Bahadur Shastri Marg, Mulund West, Mumbai",400080,R Square,Mumbai,2896,19.183842,2016-06-01T12:05:41Z,72.95048,Mulund West,purpleyo,OFFICE AND RETAIL,0,UNDER CONSTRUCTION,SALE
PurpleyoItem,"Sector 15, CBD Belapur, Navi Mumbai",400614,Sai Sangam,Navi Mumbai,2902,19.011257,2016-05-27T06:22:29Z,73.03508,CBD Belapur,purpleyo,OFFICE AND RETAIL,132000,COMPLETED AND OPERATIONAL,LEASED OUT
PurpleyoItem,"Marol Cooperative Industrial Estate Road, Sag Baug, Marol, Andheri East, Mumbai",400058,K Raheja Prime,Mumbai,2905,19.110044,2016-06-02T06:52:59Z,72.883415,Andheri East,purpleyo,OFFICE,21600,COMPLETED AND OPERATIONAL,LEASE/SALE
PurpleyoItem,"Infinity IT Park, Building number 4, General AK Vaidya Marg, Dindoshi, Malad East, Mumbai",400097,TRIL IT4,Mumbai,2913,19.176464,2016-04-25T11:35:20Z,72.88237,Malad East,purpleyo,OFFICE,783000,COMPLETED AND OPERATIONAL,LEASED OUT
PurpleyoItem,"# B-34, Andheri - Kurla Road, Mota Nagar, Andheri East, Mumbai",400058,Rustomjee Commercial Spaces - Wing A,Mumbai,2914,19.114447,2016-06-01T12:02:11Z,72.860756,Andheri East,purpleyo,OFFICE AND RETAIL,0,UNDER CONSTRUCTION,SOLD OUT
PurpleyoItem,"# B-34, Andheri - Kurla Road, Mota Nagar, Andheri East, Mumbai",400058,Rustomjee Commercial Spaces - Wing B,Mumbai,2915,19.114447,2016-06-01T11:59:50Z,72.86073,Andheri East,purpleyo,OFFICE AND RETAIL,0,UNDER CONSTRUCTION,SALE
PurpleyoItem,"# 2, Cama Industrial Estate, Goregaon, Mumbai",400063,Romell Tech Park,Mumbai,2916,19.155977,2016-06-01T06:00:04Z,72.85526,Goregaon,purpleyo,OFFICE,480000,COMPLETED AND OPERATIONAL,LEASED OUT
PurpleyoItem,"Western Express Highway, Shankarwadi, Andheri East, Mumbai",400060,Hubtown Viva,Mumbai,2917,19.1313,2016-04-28T14:07:15Z,72.85588,Andheri East,purpleyo,OFFICE,0,UNDER CONSTRUCTION,LEASED OUT
PurpleyoItem,"Hiranandani Road, Vikhroli West, Mumbai",400079,Kailas Corporate Lounge,Mumbai,2920,19.110859,2016-06-20T09:51:49Z,72.91753,Vikhroli West,purpleyo,OFFICE,78000,COMPLETED AND OPERATIONAL,SALE
PurpleyoItem,"MIDC Main Road, Indira Nagar, Turbhe, Navi Mumbai",400705,Everest Nivara Infotech Park I - Wing A,Navi Mumbai,2928,19.071444,2016-06-07T12:21:29Z,73.0285,Turbhe,purpleyo,OFFICE,111042,COMPLETED AND OPERATIONAL,LEASE
PurpleyoItem,"# C-30/31, MIDC Industrial Area, Pawne, Navi Mumbai",400705,Everest Infotech Park II,Navi Mumbai,2930,19.08939,2016-06-08T13:08:04Z,73.026344,Pawne,purpleyo,OFFICE,553511,COMPLETED AND OPERATIONAL,LEASE
PurpleyoItem,"Vishweshwar Nagar, Goregaon East, Mumbai",400063,Vakratunda Corporate Park,Mumbai,2940,19.167553,2016-06-20T09:23:46Z,72.85361,Goregaon East,purpleyo,OFFICE,80531,COMPLETED AND OPERATIONAL,SOLD OUT
PurpleyoItem,"S Pranavanandji Marg, Sector 30, Vashi, Navi Mumbai",400705,Cyber One Business Park,Navi Mumbai,2952,19.067698,2016-05-09T12:16:59Z,72.99294,Vashi,purpleyo,OFFICE,162000,COMPLETED AND OPERATIONAL,LEASED OUT
PurpleyoItem,"MIDC Central Road, Andheri East, Mumbai",400058,Ackruti Star,Mumbai,2967,19.118443,2016-06-07T07:46:41Z,72.87046,Andheri East,purpleyo,OFFICE AND RETAIL,460000,COMPLETED AND OPERATIONAL,LEASED OUT
PurpleyoItem,"Gautam Nagar, PL Lokhande Marg, Ghatkopar Mankhurd Link Road, Chembur (West), Mumbai",400071,Universal Majestic,Mumbai,2968,19.061762,2016-06-07T07:47:19Z,72.91288,Chembur,purpleyo,OFFICE AND RETAIL,513000,COMPLETED AND OPERATIONAL,NA
PurpleyoItem,"# 1, VB Gandhi Marg, Kala Ghoda, Fort, Mumbai",400001,One Forbes,Mumbai,2986,18.928658,2016-06-07T07:20:00Z,72.833305,Fort,purpleyo,OFFICE,106709,COMPLETED AND OPERATIONAL,LEASE
PurpleyoItem,"Kalyan Station Road, Surganga Society, Manik Colony, Bhoiwada, Mumbai",400012,Krishna Complex,Mumbai,2987,19.004889,2016-06-07T07:21:24Z,72.84563,Bhoiwada,purpleyo,OFFICE AND RETAIL,9000,COMPLETED AND OPERATIONAL,LEASE
PurpleyoItem,"# D-507, Sion - Panvel Highway, MIDC Industrial Area, Sanpada, Navi Mumbai",400705,Shree Sawan Knowledge Park,Navi Mumbai,2989,19.061892,2016-06-10T09:35:34Z,73.020256,Sanpada,purpleyo,OFFICE,304500,COMPLETED AND OPERATIONAL,LEASED OUT
PurpleyoItem,"LBS Marg, Bhandup, Mumbai",400078,Raj Embassy,Mumbai,2995,19.138044,2016-06-07T07:26:50Z,72.9332,Bhandup,purpleyo,OFFICE,556889,COMPLETED AND OPERATIONAL,LEASE
PurpleyoItem,"# K-10, Kalwa Industrial Area, Thane-Belapur Road, Dighe, Airoli, Navi Mumbai",400708,Reliable Tech Space,Navi Mumbai,2999,19.169386,2016-06-07T07:41:03Z,72.999664,Airoli,purpleyo,OFFICE,400000,COMPLETED AND OPERATIONAL,SOLD OUT
PurpleyoItem,"Techniplex Complex, Pawan Baug Road, Liliya Nagar, Malad West, Mumbai",400064,Techniplex l,Mumbai,3002,19.174892,2016-06-07T07:41:41Z,72.84705,Malad West,purpleyo,OFFICE AND RETAIL,243000,COMPLETED AND OPERATIONAL,LEASED OUT
PurpleyoItem,"Techniplex Complex, Pawan Baug Road, Liliya Nagar, Malad West, Mumbai",400064,Techniplex ll,Mumbai,3006,19.175007,2016-06-07T07:42:16Z,72.84644,Malad West,purpleyo,OFFICE,108000,COMPLETED AND OPERATIONAL,NA
PurpleyoItem,"# 203/204, Andheri Subway, Fish Market Area, Navneeth Colony, Andheri West, Mumbai",400058,West 58,Mumbai,3068,19.124422,2016-05-09T06:31:39Z,72.846565,Andheri West,purpleyo,OFFICE AND RETAIL,22000,COMPLETED AND OPERATIONAL,LEASE
PurpleyoItem,"Senapati Bapat Marg, Railway Colony, Lower Parel West, Lower Parel, Mumbai",400013,Sun Paradise Business Plaza,Mumbai,3069,19.003185,2016-05-09T06:42:35Z,72.830315,Lower Parel,purpleyo,OFFICE AND RETAIL,79800,COMPLETED AND OPERATIONAL,LEASED OUT
PurpleyoItem,"Andheri Kurla Road, Andheri East, Mumbai",400059,Western House,Mumbai,3071,19.107864,2016-05-09T09:31:02Z,72.88281,Andheri East,purpleyo,OFFICE AND RETAIL,66800,COMPLETED AND OPERATIONAL,LEASED OUT
PurpleyoItem,"Saki Vihar Road, Powai, Mumbai",400076,ATL Corporate Park,Mumbai,3073,19.122803,2016-05-09T07:45:48Z,72.891426,Powai,purpleyo,OFFICE AND RETAIL,0,UNDER CONSTRUCTION,LEASE
PurpleyoItem,"# 22/24, Andheri Subway, Andheri West, Mumbai",400058,Business Point,Mumbai,3074,19.124887,2016-05-09T07:30:28Z,72.84656,Andheri West,purpleyo,OFFICE AND RETAIL,21400,COMPLETED AND OPERATIONAL,LEASED OUT
PurpleyoItem,"Andheri Kurla Road, Marol Cooperative Industrial Estate Road, Gamdevi, Marol, Andheri East, Mumbai",400059,Aarpee Chambers,Mumbai,3075,19.109463,2016-05-09T09:25:32Z,72.88381,Andheri East,purpleyo,OFFICE,73500,COMPLETED AND OPERATIONAL,LEASE/SALE
PurpleyoItem,"# 5, Chunawala Estate, Kondvita Road, Andheri Kurla Road, Andheri East, Mumbai",400059,DC Business Centre,Mumbai,3079,19.113445,2016-05-09T12:12:08Z,72.872215,Andheri East,purpleyo,OFFICE,91500,COMPLETED AND OPERATIONAL,LEASE
PurpleyoItem,"Sindhi Society, Chembur East, Chembur, Mumbai",400071,Eastern Court,Mumbai,3081,19.053816,2016-05-10T10:48:47Z,72.89025,Chembur,purpleyo,OFFICE,35200,COMPLETED AND OPERATIONAL,LEASED OUT
PurpleyoItem,"Amboli Naka, Swami Vivekanand Road, Jogeshwari West, Amboli, Mumbai",400047,Suvidha Square,Mumbai,3082,19.127851,2016-06-07T07:17:16Z,72.84693,Amboli,purpleyo,OFFICE AND RETAIL,80000,COMPLETED AND OPERATIONAL,LEASE
PurpleyoItem,"Sahar Road, Vile Parle East, Mumbai",400069,,Mumbai,3083,19.108877,2016-05-10T11:39:19Z,72.854454,Vile Parle East,purpleyo,OFFICE AND RETAIL,58200,COMPLETED AND OPERATIONAL,NA
PurpleyoItem,"VN Purav Marg, Swastik Park, Chembur, Mumbai",400071,Corporate Park,Mumbai,3084,19.054443,2016-05-10T11:45:56Z,72.88716,Chembur,purpleyo,OFFICE,58000,COMPLETED AND OPERATIONAL,LEASED OUT
PurpleyoItem,"Makwana Road, Marol Naka, Andheri East, Mumbai",400059,Nirma Plaza,Mumbai,3085,19.109688,2016-05-10T11:49:50Z,72.88094,Andheri East,purpleyo,OFFICE AND RETAIL,21000,COMPLETED AND OPERATIONAL,LEASED OUT
PurpleyoItem,"# 773, Makwana Road, Marol Naka, Andheri East, Mumbai",400059,Antariksh Thakur House,Mumbai,3086,19.109854,2016-05-10T12:07:30Z,72.881355,Andheri East,purpleyo,OFFICE AND RETAIL,125000,COMPLETED AND OPERATIONAL,SALE
PurpleyoItem,"# 777, Makwana Road, Marol Naka, Andheri East, Mumbai",400058,Jai Antariksh,Mumbai,3087,19.109625,2016-05-10T12:06:20Z,72.88182,Andheri East,purpleyo,OFFICE,125000,COMPLETED AND OPERATIONAL,LEASED OUT
PurpleyoItem,"Aarey Road, Goregaon East, Mumbai",400063,Accord,Mumbai,3088,19.165216,2016-05-10T12:34:50Z,72.85056,Goregaon East,purpleyo,OFFICE AND RETAIL,14400,COMPLETED AND OPERATIONAL,LEASED OUT
PurpleyoItem,"Parsi Panchayat Road Amba Wadi, Natwar Nagar, Andheri East, Mumbai",400058,Royal Enclave,Mumbai,3089,19.125515,2016-06-07T07:16:45Z,72.85223,Andheri East,purpleyo,OFFICE AND RETAIL,72000,COMPLETED AND OPERATIONAL,NA
PurpleyoItem,"SV Road, Juhu Lane, Yadav Nagar, Andheri West, Mumbai",400058,Stanford,Mumbai,3090,19.116024,2016-05-11T10:26:50Z,72.843346,Andheri West,purpleyo,OFFICE AND RETAIL,24500,COMPLETED AND OPERATIONAL,LEASE
PurpleyoItem,"# 37, Ambica Saw Mill Compound,  Bhardawadi Lane, Andheri West, Mumbai",400058,Shabnam Complex,Mumbai,3091,19.126026,2016-05-12T10:01:00Z,72.84677,Andheri West,purpleyo,OFFICE AND RETAIL,10500,COMPLETED AND OPERATIONAL,LEASE
PurpleyoItem,"# 61, Road Number 13, Marol,  MIDC Industry Estate, Andheri East, Mumbai",400058,Brillanto House,Mumbai,3092,19.12107,2016-05-11T13:13:15Z,72.87225,Andheri East,purpleyo,OFFICE,44000,COMPLETED AND OPERATIONAL,LEASED OUT
PurpleyoItem,"JP Road, Azad Nagar, Andheri West, Mumbai",400053,Averson,Mumbai,3093,19.128363,2016-05-12T10:01:14Z,72.83189,Andheri West,purpleyo,OFFICE AND RETAIL,6000,COMPLETED AND OPERATIONAL,LEASED OUT
PurpleyoItem,"# 74, Cross Road C, Marol, MIDC Industry Estate, Andheri East, Mumbai",400058,Deegee IT Park,Mumbai,3095,19.12189,2016-05-17T12:29:45Z,72.87266,Andheri East,purpleyo,OFFICE,151662,COMPLETED AND OPERATIONAL,LEASE
PurpleyoItem,"# 18, Road Number 9, MIDC Industry Estate, Andheri East, Mumbai",400058,Hara Street,Mumbai,3096,19.120287,2016-05-11T13:25:51Z,72.86934,Andheri East,purpleyo,OFFICE,5200,COMPLETED AND OPERATIONAL,LEASE
PurpleyoItem,"# 40, Swami Vivekanand Road, Kevni Pada, Amboli, Andheri West, Mumbai",400058,Krimson Park,Mumbai,3097,19.127316,2016-05-12T12:33:01Z,72.8468,Andheri West,purpleyo,OFFICE AND RETAIL,20520,COMPLETED AND OPERATIONAL,LEASED OUT
PurpleyoItem,"# F-21, Makwana Road, Marol, Andheri East, Mumbai",400059,Dhantak plaza,Mumbai,3099,19.111507,2016-05-12T12:50:38Z,72.88123,Andheri East,purpleyo,OFFICE,98000,COMPLETED AND OPERATIONAL,LEASED OUT
PurpleyoItem,"Swamy Vivekananda Road, Mulji Nagar, Borivali West Mumbai",400092,Agarwal Xis,Mumbai,3101,19.220125,2016-05-12T12:58:55Z,72.852325,Borivali West,purpleyo,OFFICE AND RETAIL,38079,COMPLETED AND OPERATIONAL,LEASED OUT
PurpleyoItem,"# 39, Road Number 13, Marol MIDC Industry Estate, Andheri East, Mumbai",400058,Rolta Tower One,Mumbai,3102,19.121569,2016-06-07T07:15:06Z,72.870766,Andheri East,purpleyo,RETAIL,200000,COMPLETED AND OPERATIONAL,NA
PurpleyoItem,"Marol Maroshi Road, Vijay Nagar, MIDC, Marol, Andheri East, Mumbai",400059,Imperium,Mumbai,3103,19.12276,2016-05-12T12:44:04Z,72.8797,Andheri East,purpleyo,OFFICE AND RETAIL,52266,COMPLETED AND OPERATIONAL,LEASE
PurpleyoItem,"Makwana Road, Marol Naka, Andheri East, Mumbai",400059,Kushwah Chambers,Mumbai,3104,19.112043,2016-05-12T12:39:09Z,72.88234,Andheri East,purpleyo,OFFICE,38500,COMPLETED AND OPERATIONAL,NA
PurpleyoItem,"# 77/ 78, Street No. 14, Marol MIDC Industry Estate, Andheri East, Mumbai",400058,,Mumbai,3106,19.121834,2016-05-12T12:53:28Z,72.87217,Andheri East,purpleyo,OFFICE,60000,COMPLETED AND OPERATIONAL,LEASE
PurpleyoItem,"Road Number 11, Andheri East, Mumbai",400058,,Mumbai,3108,19.122034,2016-05-12T12:58:08Z,72.86898,Andheri East,purpleyo,OFFICE,0,NEARING COMPLETION,LEASED OUT
PurpleyoItem,"Magan Nathuram Road, Mittal Industrial Estate, Marol, Andheri East, Mumbai",400059,Paradigm Business Centre,Mumbai,3110,19.097734,2016-05-12T13:01:56Z,72.88323,Andheri East,purpleyo,OFFICE AND RETAIL,14000,COMPLETED AND OPERATIONAL,LEASED OUT
PurpleyoItem,"# 62, Road Number 13, MIDC, Andheri East, Mumbai",400058,Novel House,Mumbai,3111,19.120983,2016-05-16T05:17:21Z,72.872505,Andheri East,purpleyo,OFFICE,17867,COMPLETED AND OPERATIONAL,SALE
PurpleyoItem,"Lok Bharati Complex, Marol Maroshi Road, Andheri East, Mumbai",400059,AFL House,Mumbai,3112,19.113659,2016-05-25T12:38:02Z,72.88063,Andheri East,purpleyo,OFFICE,84098,COMPLETED AND OPERATIONAL,NA
PurpleyoItem,"# 785, Andheri Kurla Road, Marol Naka, Andheri East, Mumbai",400059,Balaji Business Park,Mumbai,3113,19.107904,2016-05-12T13:16:36Z,72.882324,Andheri East,purpleyo,OFFICE AND RETAIL,48000,COMPLETED AND OPERATIONAL,NA
PurpleyoItem,"Dr Ambedkar Chowk, Hanuman Tekdi, Goregaon East, Mumbai",400063,Garuda House Atlanta Estate,Mumbai,3115,19.172594,2016-05-12T13:23:57Z,72.85764,Goregaon East,purpleyo,OFFICE,126000,COMPLETED AND OPERATIONAL,LEASED OUT
PurpleyoItem,"# 52, Gulmohar Road, Ville Parle West, Mumbai",400047,Gazebo House,Mumbai,3117,19.114573,2016-06-07T07:12:09Z,72.83658,Vile Parle West,purpleyo,OFFICE AND RETAIL,10500,COMPLETED AND OPERATIONAL,LEASE
PurpleyoItem,"Sector 30A, Vashi, Navi Mumbai",400703,Haware Infotech Park,Navi Mumbai,3118,19.065767,2016-05-13T10:42:47Z,72.99961,Vashi,purpleyo,OFFICE AND RETAIL,250500,COMPLETED AND OPERATIONAL,LEASED OUT
PurpleyoItem,"SV Road, Andheri West, Mumbai",400058,Sai Darshan,Mumbai,3119,19.112137,2016-05-23T07:48:53Z,72.84173,Andheri West,purpleyo,OFFICE AND RETAIL,5300,COMPLETED AND OPERATIONAL,NA
PurpleyoItem,"New Link Road, Andheri West, Mumbai",400053,Crescent Royale,Mumbai,3120,19.139889,2016-05-13T10:51:40Z,72.83493,Andheri West,purpleyo,OFFICE,108000,COMPLETED AND OPERATIONAL,LEASE/SALE
PurpleyoItem,"# B-53, New Link Road, Andheri West, Mumbai",400053,Indus House,Mumbai,3122,19.138403,2016-05-13T13:16:36Z,72.833496,Andheri West,purpleyo,OFFICE,28000,COMPLETED AND OPERATIONAL,LEASE
PurpleyoItem,"Veera Desai Industrial Estate, Andheri West, Mumbai",400102,Golden Chambers,Mumbai,3123,19.137726,2016-05-13T13:17:25Z,72.83221,Andheri West,purpleyo,OFFICE AND RETAIL,36000,COMPLETED AND OPERATIONAL,LEASED OUT
PurpleyoItem,"# 502, SV Savarkar Marg, Prabhadevi, Mumbai",400030,Bengal Chemicals Bhavan,Mumbai,3124,19.013838,2016-05-13T13:22:27Z,72.82456,Prabhadevi,purpleyo,OFFICE AND RETAIL,75712,COMPLETED AND OPERATIONAL,LEASED OUT
PurpleyoItem,"Sunshine CHS, Sector 30A, Sanpada, Navi Mumbai",400705,G Square Business Park,Navi Mumbai,3125,19.06649,2016-05-13T13:09:51Z,73.00828,Sanpada,purpleyo,OFFICE AND RETAIL,54000,COMPLETED AND OPERATIONAL,LEASED OUT
PurpleyoItem,"# 678, Veera Desai Industrial Estate, New Link Road, Andheri West, Mumbai",400053,Gazdhar Enclave,Mumbai,3126,19.135696,2016-05-13T13:21:03Z,72.8338,Andheri West,purpleyo,OFFICE,51000,COMPLETED AND OPERATIONAL,NA
PurpleyoItem,"Bandra Kurla Complex Road, Bandra East, Mumbai",400051,Vaibhav Chambers,Mumbai,3128,19.05904,2016-05-31T13:12:19Z,72.85399,Bandra East,purpleyo,OFFICE,72720,COMPLETED AND OPERATIONAL,LEASED OUT
PurpleyoItem,"Gopinath Panda Patil Marg, Sector 15, CBD Belapur, Navi Mumbai",400614,Progressive Sea Lounge,Navi Mumbai,3130,19.006706,2016-05-18T05:55:44Z,73.03284,CBD Belapur,purpleyo,OFFICE AND RETAIL,10250,COMPLETED AND OPERATIONAL,NA
PurpleyoItem,"Veera Desai Road, Andheri West, Mumbai",400058,Kshitij,Mumbai,3133,19.127695,2016-05-16T08:51:11Z,72.837654,Andheri West,purpleyo,OFFICE,44240,COMPLETED AND OPERATIONAL,LEASED OUT
PurpleyoItem,"Devidayal Marg, Mulund, Mulund West, Mumbai",400080,Balaji Accolade,Mumbai,3134,19.17611,2016-06-07T07:10:24Z,72.95137,Mulund West,purpleyo,OFFICE,0,NEARING COMPLETION,SOLD OUT
PurpleyoItem,"Lal Bahadur Shastri Marg, Bhandup Industrial Area, Mulund West, Mumbai",400080,Srishti Square,Mumbai,3135,19.162342,2016-05-16T10:09:02Z,72.93807,Mulund West,purpleyo,OFFICE AND RETAIL,38297,COMPLETED AND OPERATIONAL,LEASED OUT
PurpleyoItem,"Postal Colony Road, Postal Colony, Chembur, Mumbai",400071,Signature Business Park,Mumbai,3136,19.060335,2016-05-16T10:20:17Z,72.89612,Chembur,purpleyo,OFFICE AND RETAIL,0,UNDER CONSTRUCTION,SOLD OUT
PurpleyoItem,"Kherwadi Road, Bandra East, Mumbai",400051,Granth,Mumbai,3137,19.060305,2016-05-16T10:33:48Z,72.8454,Bandra East,purpleyo,OFFICE AND RETAIL,13500,COMPLETED AND OPERATIONAL,SALE
PurpleyoItem,"Swami Vivekanand Road, Borivali West, Mumbai",400092,Orchid Plaza,Mumbai,3139,19.252182,2016-05-19T09:29:13Z,72.8633,Borivali West,purpleyo,OFFICE AND RETAIL,42000,COMPLETED AND OPERATIONAL,LEASED OUT
PurpleyoItem,"# 1201, Lane Number 13, Khar West, Mumbai",400052,Links,Mumbai,3140,19.071695,2016-05-16T11:17:02Z,72.83052,Khar West,purpleyo,OFFICE AND RETAIL,14340,COMPLETED AND OPERATIONAL,SOLD OUT
PurpleyoItem,"# 24, Sanpada Road, Sector 30, Vashi, Navi Mumbai",400705,Meridian Business Center,Navi Mumbai,3141,19.067055,2016-05-16T11:21:45Z,73.0084,Vashi,purpleyo,OFFICE,22000,COMPLETED AND OPERATIONAL,LEASED OUT
PurpleyoItem,"Bandra Kurla Complex Road, Kala Nagar, Bandra East, Mumbai",400051,Pittie Chamber,Mumbai,3143,19.07345,2016-05-27T09:25:43Z,72.870834,Bandra East,purpleyo,OFFICE AND RETAIL,83570,COMPLETED AND OPERATIONAL,SALE
PurpleyoItem,"SG Brave Marg, Chembur, Mumbai",400071,Surana Tulsi Chambers,Mumbai,3144,19.05452,2016-05-19T09:33:36Z,72.88939,Chembur,purpleyo,OFFICE AND RETAIL,0,UNDER CONSTRUCTION,SALE
PurpleyoItem,"# 1 & 2, Chembur Station Road, Chembur, Mumbai",400071,The Central,Mumbai,3146,19.063793,2016-05-16T12:34:07Z,72.897575,Chembur,purpleyo,OFFICE AND RETAIL,23000,COMPLETED AND OPERATIONAL,SOLD OUT
PurpleyoItem,"# 504, Saki Vihar Road, Chandivali, Powai, Mumbai",400072,Srishti Plaza,Mumbai,3149,19.116114,2016-05-17T08:37:15Z,72.890465,Powai,purpleyo,OFFICE AND RETAIL,56000,COMPLETED AND OPERATIONAL,LEASED OUT
PurpleyoItem,"# 411, Lal Bahadur Shastri Marg, Bhandup West, Mumbai",400078,Filix Tower,Mumbai,3150,19.159885,2016-06-07T07:09:13Z,72.93702,Bhandup West,purpleyo,OFFICE AND RETAIL,275000,COMPLETED AND OPERATIONAL,LEASED OUT
PurpleyoItem,"IB Patel Road, Jay Prakash Nagar, Goregaon East",400063,Cello Triumph Tower,Mumbai,3152,19.161818,2016-05-17T10:07:14Z,72.85621,Goregaon East,purpleyo,OFFICE AND RETAIL,136500,COMPLETED AND OPERATIONAL,LEASED OUT
PurpleyoItem,"Lal Bahadur Shastri Marg, Ganesh Nagar, Bhandup West, Mumbai",400078,Smash Hit,Mumbai,3153,19.141739,2016-05-17T10:15:51Z,72.93146,Bhandup,purpleyo,OFFICE AND RETAIL,0,UNDER CONSTRUCTION,SOLD OUT
PurpleyoItem,"# 158, CST Road, Kalina, Santacruz East, Mumbai",400098,Sheil Estate,Mumbai,3155,19.071407,2016-06-06T13:16:47Z,72.86522,Santacruz East,purpleyo,OFFICE AND RETAIL,61432,COMPLETED AND OPERATIONAL,LEASED OUT
PurpleyoItem,"# 1091, Sea Breeze, Appasaheb Marathe Marg, Prabhadevi, Mumbai",400025,Sea Breeze,Mumbai,3156,19.012783,2016-05-17T13:11:46Z,72.82789,Prabhadevi,purpleyo,OFFICE AND RETAIL,217500,COMPLETED AND OPERATIONAL,LEASED OUT
PurpleyoItem,"Sonawala Cross Road Number 2, Sonawala Industry Estate, Goregaon East, Mumbai",400063,De Elmas,Mumbai,3159,19.1596,2016-05-18T06:29:12Z,72.85104,Goregaon East,purpleyo,OFFICE AND RETAIL,96000,COMPLETED AND OPERATIONAL,SOLD OUT
PurpleyoItem,"# 129, Sector-19C, Vashi, Navi Mumbai",400705,Sagar Plaza,Navi Mumbai,3160,19.08112,2016-05-17T11:19:52Z,73.00692,Vashi,purpleyo,OFFICE AND RETAIL,6500,COMPLETED AND OPERATIONAL,LEASE
PurpleyoItem,"# 14, Sanpada Station, Bank Of India Road, Sector 24, Turbhe, Navi Mumbai",400703,Angruti,Navi Mumbai,3161,19.067875,2016-05-17T11:45:23Z,73.013626,Turbhe,purpleyo,OFFICE AND RETAIL,6200,COMPLETED AND OPERATIONAL,LEASED OUT
PurpleyoItem,"# 891, Road Number 24, Bandra West, Mumbai",400050,891 Notan Classic,Mumbai,3162,19.0598,2016-06-07T07:08:27Z,72.83251,Bandra West,purpleyo,OFFICE AND RETAIL,49400,COMPLETED AND OPERATIONAL,LEASED OUT
PurpleyoItem,"# 1-2, Sector 9E, Kalamboli, Panvel, Navi Mumbai",410206,Parth Solitaire,Navi Mumbai,3163,19.039104,2016-06-07T07:07:57Z,73.1025,Panvel,purpleyo,OFFICE AND RETAIL,48000,COMPLETED AND OPERATIONAL,SOLD OUT
PurpleyoItem,"Barfiwala Road, Andheri West, Mumbai",400058,Peninsula Heights,Mumbai,3165,19.116096,2016-05-17T12:30:31Z,72.8419,Andheri West,purpleyo,OFFICE AND RETAIL,71800,COMPLETED AND OPERATIONAL,LEASED OUT
PurpleyoItem,"# A-601, S Central Road, MIDC Industrial Area, Turbhe, Navi Mumbai",400036,Deekay Tech Park,Navi Mumbai,3172,19.07306,2016-05-18T11:06:59Z,73.027306,Turbhe,purpleyo,OFFICE AND RETAIL,97800,COMPLETED AND OPERATIONAL,LEASE/SALE
PurpleyoItem,"# 39/2, Bhagwan Mahaveer Road, Sector 30A, Vashi, Navi Mumbai",400705,Gami Real Tech Park,Navi Mumbai,3174,19.066326,2016-05-18T11:46:11Z,72.99924,Vashi,purpleyo,OFFICE AND RETAIL,86000,COMPLETED AND OPERATIONAL,LEASED OUT
PurpleyoItem,"Turner Road, Bandra West, Mumbai",400050,Turner Heights,Mumbai,3176,19.059292,2016-05-18T12:04:12Z,72.832565,Bandra West,purpleyo,OFFICE AND RETAIL,5100,COMPLETED AND OPERATIONAL,NA
PurpleyoItem,"# 183, Waterfield Road, Bandra West, Mumbai",400050,Sagar Fortune,Mumbai,3177,19.062626,2016-06-07T07:06:21Z,72.834366,Bandra West,purpleyo,OFFICE AND RETAIL,31500,COMPLETED AND OPERATIONAL,LEASED OUT
PurpleyoItem,"Millenium Business Park, MIDC Industrial Area, Sector 1, Pawne, Navi Mumbai",400705,Rupa Solitaire,Navi Mumbai,3178,19.111092,2016-05-26T09:16:14Z,73.01542,Pawne,purpleyo,OFFICE,646000,COMPLETED AND OPERATIONAL,SOLD OUT
PurpleyoItem,"# C-26/27, Linking Road, Bandra West, Mumbai",400050,V.N Sphere,Mumbai,3181,19.06006,2016-05-18T12:54:30Z,72.83638,Bandra West,purpleyo,OFFICE AND RETAIL,18800,COMPLETED AND OPERATIONAL,SALE
PurpleyoItem,"# 101, Hill Road, Bandra West, Mumbai",400050,Landmark,Mumbai,3183,19.055243,2016-05-18T12:56:36Z,72.82981,Bandra West,purpleyo,OFFICE AND RETAIL,4050,COMPLETED AND OPERATIONAL,LEASED OUT
PurpleyoItem,"Andheri Kurla Road, Andheri East, Mumbai",400059,Shree Amba Shanti Chambers,Mumbai,3192,19.110485,2016-05-19T10:26:39Z,72.87417,Andheri East,purpleyo,OFFICE,26250,COMPLETED AND OPERATIONAL,LEASED OUT
PurpleyoItem,"VN Purav Marg, Union Park, Chembur, Mumbai",400071,Shrikant Chambers II,Mumbai,3193,19.046694,2016-05-19T10:30:19Z,72.90684,Chembur,purpleyo,OFFICE,87624,COMPLETED AND OPERATIONAL,LEASED OUT
PurpleyoItem,"Andheri - Kurla Road, Chakala, Andheri East, Mumbai",400069,The Summit Business Bay,Mumbai,3195,19.116642,2016-05-27T09:48:13Z,72.857185,Andheri East,purpleyo,OFFICE,570700,COMPLETED AND OPERATIONAL,SOLD OUT
PurpleyoItem,"# 2, New Link Road, Industrial Area, Andheri West, Mumbai",400047,Kotia Nirman,Mumbai,3197,19.135502,2016-05-19T12:37:48Z,72.832306,Andheri West,purpleyo,OFFICE AND RETAIL,30800,COMPLETED AND OPERATIONAL,LEASE
PurpleyoItem,"Road Number 13, Kala Nagar, Bandra East, Mumbai",400051,Sindhu Ratna,Mumbai,3204,19.060207,2016-05-19T13:18:39Z,72.85257,Bandra East,purpleyo,OFFICE,6000,COMPLETED AND OPERATIONAL,NA
PurpleyoItem,"Makwana Road, Marol, Andheri East, Mumbai",400056,Vedanta,Mumbai,3211,19.108858,2016-05-20T13:00:22Z,72.88105,Andheri East,purpleyo,OFFICE AND RETAIL,123222,COMPLETED AND OPERATIONAL,LEASED OUT
PurpleyoItem,"Rajmata Jijabai Marg, Sher E Punjab Colony, Andheri East, Mumbai",400058,Mogra Vikas,Mumbai,3213,19.128923,2016-06-07T07:00:54Z,72.86071,Andheri East,purpleyo,OFFICE AND RETAIL,0,UNDER CONSTRUCTION,NA
PurpleyoItem,"Guru Hargovindji Road, Dr. Charatsingh Colony, JB Nagar, Tarun Bharat, Andheri East, Mumbai",400047,Rajveer Royal,Mumbai,3216,19.110826,2016-05-20T13:21:30Z,72.86247,Andheri East,purpleyo,OFFICE AND RETAIL,14400,COMPLETED AND OPERATIONAL,SOLD OUT
PurpleyoItem,"New Link Road, Sundervan Complex Road, Shastri Nagar, Andheri West, Mumbai",400053,Laxmi Mall,Mumbai,3217,19.13758,2016-05-20T13:24:03Z,72.831375,Andheri West,purpleyo,OFFICE AND RETAIL,192000,COMPLETED AND OPERATIONAL,LEASE
PurpleyoItem,"# 369, Linking Road, Khar West, Mumbai",400052,,Mumbai,3218,19.070894,2016-05-20T13:27:32Z,72.83376,Khar West,purpleyo,OFFICE AND RETAIL,25000,COMPLETED AND OPERATIONAL,LEASED OUT
PurpleyoItem,"Bank of India Road, Sion Panvel Highway-4, Sanpada Station, Sector 24, Turbhe, Navi Mumbai",400036,,Navi Mumbai,3228,19.067808,2016-05-23T11:34:25Z,73.01466,Turbhe,purpleyo,OFFICE AND RETAIL,12000,COMPLETED AND OPERATIONAL,SALE
PurpleyoItem,"KL Walawalkar Marg, Veera Desai Industrial Estate, Andheri West, Mumbai",400053,Sri Krishna,Mumbai,3234,19.135506,2016-05-23T12:27:00Z,72.83231,Andheri West,purpleyo,OFFICE AND RETAIL,130000,COMPLETED AND OPERATIONAL,LEASED OUT
PurpleyoItem,"IITC, Hanuman Tekdi, Goregaon East, Mumbai, Maharashtra",400063,,Mumbai,3238,19.169603,2016-05-24T13:30:09Z,72.85503,Goregaon East,purpleyo,OFFICE,0,NEARING COMPLETION,SOLD OUT
PurpleyoItem,"MCCH Society, Vasudev Balwant Phadke Road, New Panvel, Navi Mumbai",410206,Mahendra Yug Business Park,Navi Mumbai,3250,18.988346,2016-05-24T12:59:14Z,73.11462,Panvel,purpleyo,OFFICE AND RETAIL,0,UNDER CONSTRUCTION,LEASE
PurpleyoItem,"Ansa Industrial Estate, Chandivali, Andheri East, Mumbai",400072,Universal Business Park,Mumbai,3253,19.110516,2016-05-24T13:04:03Z,72.88998,Andheri East,purpleyo,OFFICE,150000,COMPLETED AND OPERATIONAL,LEASE
PurpleyoItem,"Uran-Panvel Road, Sonari, Navi Mumbai",410206,Mahendra Prominent Business Center,Navi Mumbai,3254,18.909319,2016-06-07T06:55:13Z,72.9869,Sonari,purpleyo,OFFICE AND RETAIL,0,UNDER CONSTRUCTION,LEASE
PurpleyoItem,"Andheri-Kurla Road, Vijay Nagar Colony West, Marol, Andheri East, Mumbai",400059,Leela Business Park,Mumbai,3255,19.110867,2016-05-24T13:11:07Z,72.87334,Andheri East,purpleyo,OFFICE,360000,COMPLETED AND OPERATIONAL,NA
PurpleyoItem,"Kirol Road, Khalai Village, Vidyavihar Society, Ghatkopar West, Mumbai",400086,Skyline Wealthspace,Mumbai,3256,19.081446,2016-05-24T13:20:20Z,72.89298,Ghatkopar West,purpleyo,OFFICE,99000,COMPLETED AND OPERATIONAL,SOLD OUT
PurpleyoItem,"Kirol Village, Vidyavihar Society, Vidyavihar, Mumbai",400086,Skyline Epitome,Mumbai,3257,19.080706,2016-05-24T13:23:06Z,72.89807,Vidyavihar,purpleyo,OFFICE,66900,COMPLETED AND OPERATIONAL,LEASED OUT
PurpleyoItem,"Station Road,Goregaon East, Jay Prakash Nagar, Goregaon, Mumbai",400063,Accord Classic,Mumbai,3258,19.187298,2016-05-24T13:25:40Z,72.84989,Goregaon East,purpleyo,OFFICE AND RETAIL,60900,COMPLETED AND OPERATIONAL,LEASED OUT
PurpleyoItem,"VN Purav Marg, Chembur, Mumbai",400071,Origin 108,Mumbai,3259,19.053947,2016-05-24T13:27:49Z,72.89765,Chembur,purpleyo,OFFICE,54000,COMPLETED AND OPERATIONAL,LEASE
PurpleyoItem,"Kach Pada Road, Navy Colony, Malad West, Mumbai",400064,Synergy Court,Mumbai,3262,19.18836,2016-05-25T12:24:33Z,72.83829,Malad West,purpleyo,OFFICE AND RETAIL,71400,COMPLETED AND OPERATIONAL,SALE
PurpleyoItem,"Swami Vivekanand Road, Udyog Nagar, Goregaon West, Mumbai",400062,Poonam Heights,Mumbai,3268,19.218147,2016-05-25T12:33:46Z,72.85195,Goregaon West,purpleyo,OFFICE AND RETAIL,12300,COMPLETED AND OPERATIONAL,LEASE
PurpleyoItem,"Veera Desai Industrial Estate, Andheri West, Mumbai",400059,Morya Landmark 1,Mumbai,3274,19.140844,2016-06-07T06:42:18Z,72.83338,Andheri West,purpleyo,OFFICE,42000,COMPLETED AND OPERATIONAL,LEASED OUT
PurpleyoItem,"New Link Road, Bhudargarh Colony, Andheri West, Mumbai",400059,Morya Landmark 2,Mumbai,3275,19.141392,2016-06-07T06:41:42Z,72.83331,Andheri West,purpleyo,OFFICE AND RETAIL,72000,COMPLETED AND OPERATIONAL,LEASED OUT
PurpleyoItem,"Marol Cooperative Industrial Estate Road, Gamdevi, Marol, Andheri East, Mumbai",400059,Phenomenal House,Mumbai,3290,19.110012,2016-05-27T12:26:25Z,72.883675,Andheri East,purpleyo,OFFICE,41400,COMPLETED AND OPERATIONAL,SALE
PurpleyoItem,"Ram Mandir Road, Goregaon West, Mumbai",400062,RNA Corporate Centre,Mumbai,3299,19.149933,2016-05-31T10:58:14Z,72.84855,Goregaon West,purpleyo,OFFICE,91970,COMPLETED AND OPERATIONAL,NA
PurpleyoItem,"Andheri-Kurla Road, Sakinaka, Mumbai",400072,Dilkap Centre,Mumbai,3322,19.101254,2016-06-02T11:57:25Z,72.88514,Sakinaka,purpleyo,OFFICE AND RETAIL,126000,COMPLETED AND OPERATIONAL,LEASE/SALE
PurpleyoItem,"MS Road, Laxmi Nagar, Goregaon West, Mumbai",400062,Shri Sai Corporate Park,Mumbai,3329,19.161093,2016-06-03T12:59:46Z,72.83167,Goregaon West,purpleyo,OFFICE,49000,COMPLETED AND OPERATIONAL,LEASE/SALE
PurpleyoItem,"MIDC Main Road, Indira Nagar, Turbhe, Navi Mumbai",400036,Everest Nivara Infotech Park I - Wing B,Navi Mumbai,3334,19.071297,2016-06-07T12:35:55Z,73.02866,Turbhe,purpleyo,OFFICE,185366,COMPLETED AND OPERATIONAL,LEASE
PurpleyoItem,"Gopinath Panda Patil Marg, CBD Belapur, Navi Mumbai",400614,Mayuresh Planet,Navi Mumbai,3362,19.007286,2016-06-10T11:38:44Z,73.03263,CBD Belapur,purpleyo,OFFICE AND RETAIL,0,UNDER CONSTRUCTION,LEASE/SALE
PurpleyoItem,"Gate 3, Near JVLR MIDC, Andheri East,Mumbai",400058,,Mumbai,3371,19.1258,2016-06-13T13:22:20Z,72.87403,Andheri East,purpleyo,OFFICE,96999,COMPLETED AND OPERATIONAL,LEASE/SALE
PurpleyoItem,"Kanakia Road, Mira Road East, Mira Bhayandar, Mumbai",401107,Ostwal Garden,Mumbai,3439,19.296947,2016-06-21T13:32:30Z,72.87566,Mira Bhayandar,purpleyo,OFFICE AND RETAIL,11260,COMPLETED AND OPERATIONAL,NA
PurpleyoItem,"Dr SS Rao Road, Parel, Mumbai",400013,Citi Tower,Mumbai,3446,18.996876,2016-06-21T10:04:04Z,72.84034,Lower Parel,purpleyo,OFFICE AND RETAIL,52000,COMPLETED AND OPERATIONAL,LEASED OUT
PurpleyoItem,"Andheri - Kurla Road, Bhim Nagar, Andheri East, Mumbai",400053,Sahar Plaza,Mumbai,3450,19.112595,2016-06-21T10:05:32Z,72.86869,Andheri East,purpleyo,OFFICE AND RETAIL,220000,COMPLETED AND OPERATIONAL,LEASE
